2026-09-21 17:59:18,945 INFO o.a.j.u.JMeterUtils: Setting Locale to en_EN
2026-09-21 17:59:18,962 INFO o.a.j.JMeter: Loading user properties from: user.properties
2026-09-21 17:59:18,963 INFO o.a.j.JMeter: Loading system properties from: system.properties
2026-09-21 17:59:18,969 INFO o.a.j.JMeter: Copyright (c) 1998-2024 The Apache Software Foundation
2026-09-21 17:59:18,969 INFO o.a.j.JMeter: Version 5.6.3
2026-09-21 17:59:18,969 INFO o.a.j.JMeter: java.version=26.0.2
2026-09-21 17:59:18,969 INFO o.a.j.JMeter: java.vm.name=Java HotSpot(TM) 64-Bit Server VM
2026-09-21 17:59:18,971 INFO o.a.j.JMeter: os.name=Windows 11
2026-09-21 17:59:18,971 INFO o.a.j.JMeter: os.arch=amd64
2026-09-21 17:59:18,971 INFO o.a.j.JMeter: os.version=10.0
2026-09-21 17:59:18,971 INFO o.a.j.JMeter: file.encoding=UTF-8
2026-09-21 17:59:18,971 INFO o.a.j.JMeter: java.awt.headless=true
2026-09-21 17:59:18,971 INFO o.a.j.JMeter: Max memory     =1073741824
2026-09-21 17:59:18,971 INFO o.a.j.JMeter: Available Processors =12
2026-09-21 17:59:18,987 INFO o.a.j.JMeter: Default Locale=English (EN)
2026-09-21 17:59:18,987 INFO o.a.j.JMeter: JMeter  Locale=English (EN)
2026-09-21 17:59:18,987 INFO o.a.j.JMeter: JMeterHome=D:\QA\Programs\apache-jmeter-5.6.3
2026-09-21 17:59:18,987 INFO o.a.j.JMeter: user.dir  =D:\QA\Programs\apache-jmeter-5.6.3\bin
2026-09-21 17:59:18,988 INFO o.a.j.JMeter: PWD       =D:\QA\Programs\apache-jmeter-5.6.3\bin
2026-09-21 17:59:18,993 INFO o.a.j.JMeter: IP: 192.168.1.9 Name: LENOVO_IDEAPADG FullName: LENOVO_IDEAPADG
2026-09-21 17:59:19,009 INFO o.a.j.JMeter: Setting property 'jmeter.reportgenerator.outputdir' to:'D:\QA\Programs\apache-jmeter-5.6.3\bin\blaze_demo_report'
2026-09-21 17:59:19,011 INFO o.a.j.s.FileServer: Default base='D:\QA\Programs\apache-jmeter-5.6.3\bin'
2026-09-21 17:59:19,013 INFO o.a.j.s.FileServer: Set new base='D:\QA\Programs\apache-jmeter-5.6.3\bin'
2026-09-21 17:59:19,239 INFO o.a.j.s.SaveService: Testplan (JMX) version: 2.2. Testlog (JTL) version: 2.2
2026-09-21 17:59:19,261 INFO o.a.j.s.SaveService: Using SaveService properties version 5.0
2026-09-21 17:59:19,263 INFO o.a.j.s.SaveService: Using SaveService properties file encoding UTF-8
2026-09-21 17:59:19,266 INFO o.a.j.s.SaveService: Loading file: blaze_demo_project.jmx
2026-09-21 17:59:19,303 INFO o.a.j.p.h.c.CookieManager: Settings: Delete null: true Check: true Allow variable: true Save: false Prefix: COOKIE_
2026-09-21 17:59:19,306 INFO o.a.j.p.h.c.CacheManager: Will only cache the following methods: [GET]
2026-09-21 17:59:19,325 INFO o.a.j.p.h.s.HTTPSamplerBase: Parser for text/html is org.apache.jmeter.protocol.http.parser.LagartoBasedHtmlParser
2026-09-21 17:59:19,326 INFO o.a.j.p.h.s.HTTPSamplerBase: Parser for application/xhtml+xml is org.apache.jmeter.protocol.http.parser.LagartoBasedHtmlParser
2026-09-21 17:59:19,326 INFO o.a.j.p.h.s.HTTPSamplerBase: Parser for application/xml is org.apache.jmeter.protocol.http.parser.LagartoBasedHtmlParser
2026-09-21 17:59:19,326 INFO o.a.j.p.h.s.HTTPSamplerBase: Parser for text/xml is org.apache.jmeter.protocol.http.parser.LagartoBasedHtmlParser
2026-09-21 17:59:19,326 INFO o.a.j.p.h.s.HTTPSamplerBase: Parser for text/vnd.wap.wml is org.apache.jmeter.protocol.http.parser.RegexpHTMLParser
2026-09-21 17:59:19,326 INFO o.a.j.p.h.s.HTTPSamplerBase: Parser for text/css is org.apache.jmeter.protocol.http.parser.CssParser
2026-09-21 17:59:19,354 INFO o.a.j.JMeter: Creating summariser <summary>
2026-09-21 17:59:19,358 INFO o.a.j.r.d.ReportGenerator: ReportGenerator will use for Parsing the separator: ','
2026-09-21 17:59:19,358 INFO o.a.j.r.d.ReportGenerator: Will generate report at end of test from  results file: blaze_demo_results
2026-09-21 17:59:19,358 INFO o.a.j.r.d.ReportGenerator: Reading report generator properties from: D:\QA\Programs\apache-jmeter-5.6.3\bin\reportgenerator.properties
2026-09-21 17:59:19,360 INFO o.a.j.r.d.ReportGenerator: Merging with JMeter properties
2026-09-21 17:59:19,362 INFO o.a.j.r.c.ReportGeneratorConfiguration: Property 'jmeter.reportgenerator.temp_dir' not found, using default value 'temp' instead.
2026-09-21 17:59:19,364 INFO o.a.j.r.c.ReportGeneratorConfiguration: Property 'jmeter.reportgenerator.apdex_per_transaction' not found, using default value 'null' instead.
2026-09-21 17:59:19,364 INFO o.a.j.r.c.ReportGeneratorConfiguration: apdex_per_transaction is empty, not APDEX per transaction customization
2026-09-21 17:59:19,364 INFO o.a.j.r.c.ReportGeneratorConfiguration: Property 'jmeter.reportgenerator.sample_filter' not found, using default value 'null' instead.
2026-09-21 17:59:19,365 INFO o.a.j.r.c.ReportGeneratorConfiguration: Property 'jmeter.reportgenerator.report_title' not found, using default value 'null' instead.
2026-09-21 17:59:19,365 INFO o.a.j.r.c.ReportGeneratorConfiguration: Property 'jmeter.reportgenerator.start_date' not found, using default value 'null' instead.
2026-09-21 17:59:19,365 INFO o.a.j.r.c.ReportGeneratorConfiguration: Property 'jmeter.reportgenerator.end_date' not found, using default value 'null' instead.
2026-09-21 17:59:19,365 INFO o.a.j.r.c.ReportGeneratorConfiguration: Property 'jmeter.reportgenerator.date_format' not found, using default value 'null' instead.
2026-09-21 17:59:19,365 INFO o.a.j.r.c.ReportGeneratorConfiguration: Will use date range start date: null, end date: null
2026-09-21 17:59:19,368 INFO o.a.j.r.c.ReportGeneratorConfiguration: Property 'jmeter.reportgenerator.graph.totalTPS.exclude_controllers' not found, using default value 'false' instead.
2026-09-21 17:59:19,369 INFO o.a.j.r.c.ReportGeneratorConfiguration: Property 'jmeter.reportgenerator.graph.activeThreadsOverTime.exclude_controllers' not found, using default value 'false' instead.
2026-09-21 17:59:19,369 INFO o.a.j.r.c.ReportGeneratorConfiguration: Property 'jmeter.reportgenerator.graph.timeVsThreads.exclude_controllers' not found, using default value 'false' instead.
2026-09-21 17:59:19,369 INFO o.a.j.r.c.ReportGeneratorConfiguration: Property 'jmeter.reportgenerator.graph.responseTimeDistribution.exclude_controllers' not found, using default value 'false' instead.
2026-09-21 17:59:19,369 INFO o.a.j.r.c.ReportGeneratorConfiguration: Property 'jmeter.reportgenerator.graph.transactionsPerSecond.exclude_controllers' not found, using default value 'false' instead.
2026-09-21 17:59:19,369 INFO o.a.j.r.c.ReportGeneratorConfiguration: Property 'jmeter.reportgenerator.graph.responseTimePercentiles.exclude_controllers' not found, using default value 'false' instead.
2026-09-21 17:59:19,369 INFO o.a.j.r.c.ReportGeneratorConfiguration: Property 'jmeter.reportgenerator.graph.responseTimePercentilesOverTime.exclude_controllers' not found, using default value 'false' instead.
2026-09-21 17:59:19,369 INFO o.a.j.r.c.ReportGeneratorConfiguration: Property 'jmeter.reportgenerator.graph.responseTimesOverTime.exclude_controllers' not found, using default value 'false' instead.
2026-09-21 17:59:19,369 INFO o.a.j.r.c.ReportGeneratorConfiguration: Property 'jmeter.reportgenerator.graph.connectTimeOverTime.exclude_controllers' not found, using default value 'false' instead.
2026-09-21 17:59:19,369 INFO o.a.j.r.c.ReportGeneratorConfiguration: Property 'jmeter.reportgenerator.graph.latenciesOverTime.exclude_controllers' not found, using default value 'false' instead.
2026-09-21 17:59:19,370 INFO o.a.j.r.c.ReportGeneratorConfiguration: Property 'jmeter.reportgenerator.exporter.json.filters_only_sample_series' not found, using default value 'true' instead.
2026-09-21 17:59:19,370 INFO o.a.j.r.c.ReportGeneratorConfiguration: Property 'jmeter.reportgenerator.exporter.json.series_filter' not found, using default value '' instead.
2026-09-21 17:59:19,370 INFO o.a.j.r.c.ReportGeneratorConfiguration: Property 'jmeter.reportgenerator.exporter.json.show_controllers_only' not found, using default value 'false' instead.
2026-09-21 17:59:19,370 INFO o.a.j.r.c.ReportGeneratorConfiguration: Property 'jmeter.reportgenerator.exporter.html.filters_only_sample_series' not found, using default value 'true' instead.
2026-09-21 17:59:19,371 INFO o.a.j.r.c.ReportGeneratorConfiguration: Property 'jmeter.reportgenerator.exporter.html.series_filter' not found, using default value '' instead.
2026-09-21 17:59:19,371 INFO o.a.j.r.c.ReportGeneratorConfiguration: Property 'jmeter.reportgenerator.exporter.html.show_controllers_only' not found, using default value 'false' instead.
2026-09-21 17:59:19,383 INFO o.a.j.e.StandardJMeterEngine: Running the test!
2026-09-21 17:59:19,383 INFO o.a.j.s.SampleEvent: List of sample_variables: []
2026-09-21 17:59:19,383 INFO o.a.j.s.SampleEvent: List of sample_variables: []
2026-09-21 17:59:19,387 INFO o.a.j.e.u.CompoundVariable: Note: Function class names must contain the string: '.functions.'
2026-09-21 17:59:19,387 INFO o.a.j.e.u.CompoundVariable: Note: Function class names must not contain the string: '.gui.'
2026-09-21 17:59:19,475 INFO o.a.j.JMeter: Running test (1790006359475)
2026-09-21 17:59:19,497 INFO o.a.j.e.StandardJMeterEngine: Starting ThreadGroup: 1 : Thread Group
2026-09-21 17:59:19,498 INFO o.a.j.e.StandardJMeterEngine: Starting 300 threads for group Thread Group.
2026-09-21 17:59:19,498 INFO o.a.j.e.StandardJMeterEngine: Thread will continue on error
2026-09-21 17:59:19,498 INFO o.a.j.t.ThreadGroup: Starting thread group... number=1 threads=300 ramp-up=300 delayedStart=true
2026-09-21 17:59:19,498 INFO o.a.j.t.ThreadGroup: Started thread group number 1
2026-09-21 17:59:19,498 INFO o.a.j.e.StandardJMeterEngine: All thread groups have been started
2026-09-21 17:59:19,506 INFO o.a.j.s.SampleResult: Note: Sample TimeStamps are START times
2026-09-21 17:59:19,506 INFO o.a.j.s.SampleResult: sampleresult.default.encoding is set to UTF-8
2026-09-21 17:59:19,506 INFO o.a.j.s.SampleResult: sampleresult.useNanoTime=true
2026-09-21 17:59:19,506 INFO o.a.j.s.SampleResult: sampleresult.nanoThreadSleep=5000
2026-09-21 17:59:19,507 INFO o.a.j.t.JMeterThread: Thread started: Thread Group 1-1
2026-09-21 17:59:19,522 INFO o.a.j.p.h.s.HTTPHCAbstractImpl: Local host = LENOVO_IDEAPADG
2026-09-21 17:59:19,526 INFO o.a.j.p.h.s.HTTPHC4Impl: HTTP request retry count = 0
2026-09-21 17:59:19,647 INFO o.a.j.p.h.s.h.LazyLayeredConnectionSocketFactory: Setting up HTTPS TrustAll Socket Factory
2026-09-21 17:59:19,654 INFO o.a.j.u.JsseSSLManager: Using default SSL protocol: TLS
2026-09-21 17:59:19,654 INFO o.a.j.u.JsseSSLManager: SSL session context: per-thread
2026-09-21 17:59:19,759 INFO o.a.j.u.SSLManager: JmeterKeyStore Location:  type JKS
2026-09-21 17:59:19,762 INFO o.a.j.u.SSLManager: KeyStore created OK
2026-09-21 17:59:19,762 WARN o.a.j.u.SSLManager: Keystore file not found, loading empty keystore
2026-09-21 17:59:20,393 INFO o.a.j.p.h.p.BaseParser: Created org.apache.jmeter.protocol.http.parser.LagartoBasedHtmlParser
2026-09-21 17:59:20,417 INFO o.a.j.p.h.s.ResourcesDownloader: Creating ResourcesDownloader with keepalive_inseconds : 60
2026-09-21 17:59:20,510 INFO o.a.j.t.JMeterThread: Thread started: Thread Group 1-2
2026-09-21 17:59:20,807 INFO o.a.j.p.h.p.BaseParser: Created org.apache.jmeter.protocol.http.parser.CssParser
2026-09-21 17:59:20,921 WARN c.h.c.r.e.LoggingCSSParseErrorHandler: [10:11] Deprecated property name '*zoom'
2026-09-21 17:59:20,922 WARN c.h.c.r.e.LoggingCSSParseErrorHandler: [15:41] Deprecated property name '*display'
2026-09-21 17:59:20,922 WARN c.h.c.r.e.LoggingCSSParseErrorHandler: [15:57] Deprecated property name '*zoom'
2026-09-21 17:59:20,923 WARN c.h.c.r.e.LoggingCSSParseErrorHandler: [26:14] Deprecated property name '*overflow'
2026-09-21 17:59:20,926 WARN c.h.c.r.e.LoggingCSSParseErrorHandler: [39:24] Deprecated property name '*zoom'
2026-09-21 17:59:20,927 WARN c.h.c.r.e.LoggingCSSParseErrorHandler: [67:23] Deprecated property name '*zoom'
2026-09-21 17:59:20,928 WARN c.h.c.r.e.LoggingCSSParseErrorHandler: [69:190] Deprecated property name '*margin-left'
2026-09-21 17:59:20,928 WARN c.h.c.r.e.LoggingCSSParseErrorHandler: [72:31] Deprecated property name '*width'
2026-09-21 17:59:20,928 WARN c.h.c.r.e.LoggingCSSParseErrorHandler: [73:45] Deprecated property name '*width'
2026-09-21 17:59:20,929 WARN c.h.c.r.e.LoggingCSSParseErrorHandler: [74:45] Deprecated property name '*width'
2026-09-21 17:59:20,929 WARN c.h.c.r.e.LoggingCSSParseErrorHandler: [75:44] Deprecated property name '*width'
2026-09-21 17:59:20,929 WARN c.h.c.r.e.LoggingCSSParseErrorHandler: [76:44] Deprecated property name '*width'
2026-09-21 17:59:20,929 WARN c.h.c.r.e.LoggingCSSParseErrorHandler: [77:44] Deprecated property name '*width'
2026-09-21 17:59:20,929 WARN c.h.c.r.e.LoggingCSSParseErrorHandler: [78:44] Deprecated property name '*width'
2026-09-21 17:59:20,930 WARN c.h.c.r.e.LoggingCSSParseErrorHandler: [79:44] Deprecated property name '*width'
2026-09-21 17:59:20,930 WARN c.h.c.r.e.LoggingCSSParseErrorHandler: [80:45] Deprecated property name '*width'
2026-09-21 17:59:20,930 WARN c.h.c.r.e.LoggingCSSParseErrorHandler: [81:45] Deprecated property name '*width'
2026-09-21 17:59:20,930 WARN c.h.c.r.e.LoggingCSSParseErrorHandler: [82:45] Deprecated property name '*width'
2026-09-21 17:59:20,931 WARN c.h.c.r.e.LoggingCSSParseErrorHandler: [83:44] Deprecated property name '*width'
2026-09-21 17:59:20,931 WARN c.h.c.r.e.LoggingCSSParseErrorHandler: [84:54] Deprecated property name '*margin-left'
2026-09-21 17:59:20,931 WARN c.h.c.r.e.LoggingCSSParseErrorHandler: [85:66] Deprecated property name '*margin-left'
2026-09-21 17:59:20,931 WARN c.h.c.r.e.LoggingCSSParseErrorHandler: [86:53] Deprecated property name '*margin-left'
2026-09-21 17:59:20,932 WARN c.h.c.r.e.LoggingCSSParseErrorHandler: [87:65] Deprecated property name '*margin-left'
2026-09-21 17:59:20,932 WARN c.h.c.r.e.LoggingCSSParseErrorHandler: [88:53] Deprecated property name '*margin-left'
2026-09-21 17:59:20,932 WARN c.h.c.r.e.LoggingCSSParseErrorHandler: [89:64] Deprecated property name '*margin-left'
2026-09-21 17:59:20,932 WARN c.h.c.r.e.LoggingCSSParseErrorHandler: [90:52] Deprecated property name '*margin-left'
2026-09-21 17:59:20,933 WARN c.h.c.r.e.LoggingCSSParseErrorHandler: [91:64] Deprecated property name '*margin-left'
2026-09-21 17:59:20,933 WARN c.h.c.r.e.LoggingCSSParseErrorHandler: [92:51] Deprecated property name '*margin-left'
2026-09-21 17:59:20,933 WARN c.h.c.r.e.LoggingCSSParseErrorHandler: [93:64] Deprecated property name '*margin-left'
2026-09-21 17:59:20,933 WARN c.h.c.r.e.LoggingCSSParseErrorHandler: [94:52] Deprecated property name '*margin-left'
2026-09-21 17:59:20,934 WARN c.h.c.r.e.LoggingCSSParseErrorHandler: [95:65] Deprecated property name '*margin-left'
2026-09-21 17:59:20,934 WARN c.h.c.r.e.LoggingCSSParseErrorHandler: [96:53] Deprecated property name '*margin-left'
2026-09-21 17:59:20,934 WARN c.h.c.r.e.LoggingCSSParseErrorHandler: [97:65] Deprecated property name '*margin-left'
2026-09-21 17:59:20,934 WARN c.h.c.r.e.LoggingCSSParseErrorHandler: [98:52] Deprecated property name '*margin-left'
2026-09-21 17:59:20,934 WARN c.h.c.r.e.LoggingCSSParseErrorHandler: [99:63] Deprecated property name '*margin-left'
2026-09-21 17:59:20,935 WARN c.h.c.r.e.LoggingCSSParseErrorHandler: [100:53] Deprecated property name '*margin-left'
2026-09-21 17:59:20,935 WARN c.h.c.r.e.LoggingCSSParseErrorHandler: [101:64] Deprecated property name '*margin-left'
2026-09-21 17:59:20,935 WARN c.h.c.r.e.LoggingCSSParseErrorHandler: [102:53] Deprecated property name '*margin-left'
2026-09-21 17:59:20,935 WARN c.h.c.r.e.LoggingCSSParseErrorHandler: [103:64] Deprecated property name '*margin-left'
2026-09-21 17:59:20,936 WARN c.h.c.r.e.LoggingCSSParseErrorHandler: [104:53] Deprecated property name '*margin-left'
2026-09-21 17:59:20,936 WARN c.h.c.r.e.LoggingCSSParseErrorHandler: [105:64] Deprecated property name '*margin-left'
2026-09-21 17:59:20,936 WARN c.h.c.r.e.LoggingCSSParseErrorHandler: [106:53] Deprecated property name '*margin-left'
2026-09-21 17:59:20,936 WARN c.h.c.r.e.LoggingCSSParseErrorHandler: [107:63] Deprecated property name '*margin-left'
2026-09-21 17:59:20,937 WARN c.h.c.r.e.LoggingCSSParseErrorHandler: [110:47] Deprecated property name '*zoom'
2026-09-21 17:59:20,937 WARN c.h.c.r.e.LoggingCSSParseErrorHandler: [112:55] Deprecated property name '*zoom'
2026-09-21 17:59:20,939 WARN c.h.c.r.e.LoggingCSSParseErrorHandler: [150:99] Deprecated property name '*display'
2026-09-21 17:59:20,939 WARN c.h.c.r.e.LoggingCSSParseErrorHandler: [150:115] Deprecated property name '*zoom'
2026-09-21 17:59:20,939 WARN c.h.c.r.e.LoggingCSSParseErrorHandler: [155:16] Deprecated property name '*zoom'
2026-09-21 17:59:20,943 WARN c.h.c.r.e.LoggingCSSParseErrorHandler: [199:67] Deprecated property name '*border-collapse'
2026-09-21 17:59:20,949 WARN c.h.c.r.e.LoggingCSSParseErrorHandler: [242:59] Deprecated property name '*margin-top'
2026-09-21 17:59:20,949 WARN c.h.c.r.e.LoggingCSSParseErrorHandler: [244:39] Deprecated property name '*margin-top'
2026-09-21 17:59:20,952 WARN c.h.c.r.e.LoggingCSSParseErrorHandler: [281:15] Deprecated property name '*zoom'
2026-09-21 17:59:20,956 WARN c.h.c.r.e.LoggingCSSParseErrorHandler: [304:127] Deprecated property name '*zoom'
2026-09-21 17:59:20,956 WARN c.h.c.r.e.LoggingCSSParseErrorHandler: [308:35] Deprecated property name '*display'
2026-09-21 17:59:20,956 WARN c.h.c.r.e.LoggingCSSParseErrorHandler: [308:51] Deprecated property name '*zoom'
2026-09-21 17:59:20,957 WARN c.h.c.r.e.LoggingCSSParseErrorHandler: [310:184] Deprecated property name '*margin-left'
2026-09-21 17:59:20,960 WARN c.h.c.r.e.LoggingCSSParseErrorHandler: [329:569] Deprecated property name '*display'
2026-09-21 17:59:20,960 WARN c.h.c.r.e.LoggingCSSParseErrorHandler: [329:585] Deprecated property name '*zoom'
2026-09-21 17:59:20,961 WARN c.h.c.r.e.LoggingCSSParseErrorHandler: [337:52] Deprecated property name '*zoom'
2026-09-21 17:59:20,961 WARN c.h.c.r.e.LoggingCSSParseErrorHandler: [340:28] Deprecated property name '*display'
2026-09-21 17:59:20,961 WARN c.h.c.r.e.LoggingCSSParseErrorHandler: [340:50] Deprecated property name '*padding-left'
2026-09-21 17:59:20,961 WARN c.h.c.r.e.LoggingCSSParseErrorHandler: [340:87] Deprecated property name '*margin-left'
2026-09-21 17:59:20,961 WARN c.h.c.r.e.LoggingCSSParseErrorHandler: [340:142] Deprecated property name '*padding-left'
2026-09-21 17:59:20,962 WARN c.h.c.r.e.LoggingCSSParseErrorHandler: [344:27] Deprecated property name '*display'
2026-09-21 17:59:20,962 WARN c.h.c.r.e.LoggingCSSParseErrorHandler: [344:43] Deprecated property name '*zoom'
2026-09-21 17:59:20,962 WARN c.h.c.r.e.LoggingCSSParseErrorHandler: [344:840] Deprecated property name '*background-color'
2026-09-21 17:59:20,962 WARN c.h.c.r.e.LoggingCSSParseErrorHandler: [344:958] Deprecated property name '*border'
2026-09-21 17:59:20,963 WARN c.h.c.r.e.LoggingCSSParseErrorHandler: [344:1063] Deprecated property name '*margin-left'
2026-09-21 17:59:20,963 WARN c.h.c.r.e.LoggingCSSParseErrorHandler: [344:1428] Deprecated property name '*background-color'
2026-09-21 17:59:20,963 WARN c.h.c.r.e.LoggingCSSParseErrorHandler: [346:18] Deprecated property name '*margin-left'
2026-09-21 17:59:20,966 WARN c.h.c.r.e.LoggingCSSParseErrorHandler: [361:676] Deprecated property name '*background-color'
2026-09-21 17:59:20,966 WARN c.h.c.r.e.LoggingCSSParseErrorHandler: [361:932] Deprecated property name '*background-color'
2026-09-21 17:59:20,967 WARN c.h.c.r.e.LoggingCSSParseErrorHandler: [363:676] Deprecated property name '*background-color'
2026-09-21 17:59:20,967 WARN c.h.c.r.e.LoggingCSSParseErrorHandler: [363:932] Deprecated property name '*background-color'
2026-09-21 17:59:20,968 WARN c.h.c.r.e.LoggingCSSParseErrorHandler: [365:675] Deprecated property name '*background-color'
2026-09-21 17:59:20,968 WARN c.h.c.r.e.LoggingCSSParseErrorHandler: [365:925] Deprecated property name '*background-color'
2026-09-21 17:59:20,968 WARN c.h.c.r.e.LoggingCSSParseErrorHandler: [367:676] Deprecated property name '*background-color'
2026-09-21 17:59:20,968 WARN c.h.c.r.e.LoggingCSSParseErrorHandler: [367:932] Deprecated property name '*background-color'
2026-09-21 17:59:20,969 WARN c.h.c.r.e.LoggingCSSParseErrorHandler: [369:673] Deprecated property name '*background-color'
2026-09-21 17:59:20,969 WARN c.h.c.r.e.LoggingCSSParseErrorHandler: [369:911] Deprecated property name '*background-color'
2026-09-21 17:59:20,970 WARN c.h.c.r.e.LoggingCSSParseErrorHandler: [371:676] Deprecated property name '*background-color'
2026-09-21 17:59:20,970 WARN c.h.c.r.e.LoggingCSSParseErrorHandler: [371:932] Deprecated property name '*background-color'
2026-09-21 17:59:20,970 WARN c.h.c.r.e.LoggingCSSParseErrorHandler: [373:37] Deprecated property name '*padding-top'
2026-09-21 17:59:20,970 WARN c.h.c.r.e.LoggingCSSParseErrorHandler: [373:54] Deprecated property name '*padding-bottom'
2026-09-21 17:59:20,970 WARN c.h.c.r.e.LoggingCSSParseErrorHandler: [374:57] Deprecated property name '*padding-top'
2026-09-21 17:59:20,970 WARN c.h.c.r.e.LoggingCSSParseErrorHandler: [374:74] Deprecated property name '*padding-bottom'
2026-09-21 17:59:20,970 WARN c.h.c.r.e.LoggingCSSParseErrorHandler: [375:57] Deprecated property name '*padding-top'
2026-09-21 17:59:20,970 WARN c.h.c.r.e.LoggingCSSParseErrorHandler: [375:74] Deprecated property name '*padding-bottom'
2026-09-21 17:59:20,970 WARN c.h.c.r.e.LoggingCSSParseErrorHandler: [376:55] Deprecated property name '*padding-top'
2026-09-21 17:59:20,970 WARN c.h.c.r.e.LoggingCSSParseErrorHandler: [376:72] Deprecated property name '*padding-bottom'
2026-09-21 17:59:20,970 WARN c.h.c.r.e.LoggingCSSParseErrorHandler: [381:80] Deprecated property name '*margin-right'
2026-09-21 17:59:20,979 WARN c.h.c.r.e.LoggingCSSParseErrorHandler: [523:51] Deprecated property name '*display'
2026-09-21 17:59:20,979 WARN c.h.c.r.e.LoggingCSSParseErrorHandler: [523:67] Deprecated property name '*zoom'
2026-09-21 17:59:20,979 WARN c.h.c.r.e.LoggingCSSParseErrorHandler: [523:128] Deprecated property name '*margin-left'
2026-09-21 17:59:20,979 WARN c.h.c.r.e.LoggingCSSParseErrorHandler: [523:170] Deprecated property name '*margin-left'
2026-09-21 17:59:20,981 WARN c.h.c.r.e.LoggingCSSParseErrorHandler: [538:415] Deprecated property name '*padding-top'
2026-09-21 17:59:20,982 WARN c.h.c.r.e.LoggingCSSParseErrorHandler: [538:432] Deprecated property name '*padding-bottom'
2026-09-21 17:59:20,982 WARN c.h.c.r.e.LoggingCSSParseErrorHandler: [539:74] Deprecated property name '*padding-top'
2026-09-21 17:59:20,982 WARN c.h.c.r.e.LoggingCSSParseErrorHandler: [539:91] Deprecated property name '*padding-bottom'
2026-09-21 17:59:20,982 WARN c.h.c.r.e.LoggingCSSParseErrorHandler: [540:40] Deprecated property name '*padding-top'
2026-09-21 17:59:20,982 WARN c.h.c.r.e.LoggingCSSParseErrorHandler: [540:57] Deprecated property name '*padding-bottom'
2026-09-21 17:59:20,982 WARN c.h.c.r.e.LoggingCSSParseErrorHandler: [541:77] Deprecated property name '*padding-top'
2026-09-21 17:59:20,982 WARN c.h.c.r.e.LoggingCSSParseErrorHandler: [541:94] Deprecated property name '*padding-bottom'
2026-09-21 17:59:20,983 WARN c.h.c.r.e.LoggingCSSParseErrorHandler: [556:42] Deprecated property name '*display'
2026-09-21 17:59:20,983 WARN c.h.c.r.e.LoggingCSSParseErrorHandler: [556:58] Deprecated property name '*zoom'
2026-09-21 17:59:20,984 WARN c.h.c.r.e.LoggingCSSParseErrorHandler: [575:20] Deprecated property name '*width'
2026-09-21 17:59:20,984 WARN c.h.c.r.e.LoggingCSSParseErrorHandler: [575:58] Deprecated property name '*margin'
2026-09-21 17:59:20,985 WARN c.h.c.r.e.LoggingCSSParseErrorHandler: [576:22] Deprecated property name '*zoom'
2026-09-21 17:59:20,986 WARN c.h.c.r.e.LoggingCSSParseErrorHandler: [606:11] Deprecated property name '*zoom'
2026-09-21 17:59:20,987 WARN c.h.c.r.e.LoggingCSSParseErrorHandler: [621:146] Deprecated property name '*border-right-color'
2026-09-21 17:59:20,988 WARN c.h.c.r.e.LoggingCSSParseErrorHandler: [625:149] Deprecated property name '*border-left-color'
2026-09-21 17:59:20,988 WARN c.h.c.r.e.LoggingCSSParseErrorHandler: [628:45] Deprecated property name '*position'
2026-09-21 17:59:20,988 WARN c.h.c.r.e.LoggingCSSParseErrorHandler: [628:64] Deprecated property name '*z-index'
2026-09-21 17:59:20,989 WARN c.h.c.r.e.LoggingCSSParseErrorHandler: [629:798] Deprecated property name '*zoom'
2026-09-21 17:59:20,989 WARN c.h.c.r.e.LoggingCSSParseErrorHandler: [639:30] Deprecated property name '*zoom'
2026-09-21 17:59:20,992 WARN c.h.c.r.e.LoggingCSSParseErrorHandler: [662:758] Deprecated property name '*background-color'
2026-09-21 17:59:20,992 WARN c.h.c.r.e.LoggingCSSParseErrorHandler: [662:1303] Deprecated property name '*background-color'
2026-09-21 17:59:20,996 WARN c.h.c.r.e.LoggingCSSParseErrorHandler: [693:691] Deprecated property name '*background-color'
2026-09-21 17:59:20,997 WARN c.h.c.r.e.LoggingCSSParseErrorHandler: [693:1037] Deprecated property name '*background-color'
2026-09-21 17:59:20,997 WARN c.h.c.r.e.LoggingCSSParseErrorHandler: [695:191] Deprecated property name '*display'
2026-09-21 17:59:20,997 WARN c.h.c.r.e.LoggingCSSParseErrorHandler: [695:207] Deprecated property name '*zoom'
2026-09-21 17:59:20,997 WARN c.h.c.r.e.LoggingCSSParseErrorHandler: [698:37] Deprecated property name '*display'
2026-09-21 17:59:20,997 WARN c.h.c.r.e.LoggingCSSParseErrorHandler: [698:53] Deprecated property name '*zoom'
2026-09-21 17:59:20,999 WARN c.h.c.r.e.LoggingCSSParseErrorHandler: [715:56] Deprecated property name '*zoom'
2026-09-21 17:59:20,999 WARN c.h.c.r.e.LoggingCSSParseErrorHandler: [723:47] Deprecated property name '*zoom'
2026-09-21 17:59:21,016 WARN c.h.c.r.e.LoggingCSSParseErrorHandler: [759:36] Deprecated property name '*overflow'
2026-09-21 17:59:21,019 WARN c.h.c.r.e.LoggingCSSParseErrorHandler: [793:167] Deprecated property name '*border'
2026-09-21 17:59:21,020 WARN c.h.c.r.e.LoggingCSSParseErrorHandler: [799:325] Deprecated property name '*zoom'
2026-09-21 17:59:21,020 WARN c.h.c.r.e.LoggingCSSParseErrorHandler: [805:18] Deprecated property name '*margin-bottom'
2026-09-21 17:59:21,021 WARN c.h.c.r.e.LoggingCSSParseErrorHandler: [809:231] Deprecated property name '*border-right-width'
2026-09-21 17:59:21,021 WARN c.h.c.r.e.LoggingCSSParseErrorHandler: [809:255] Deprecated property name '*border-bottom-width'
2026-09-21 17:59:21,021 WARN c.h.c.r.e.LoggingCSSParseErrorHandler: [810:25] Deprecated property name '*width'
2026-09-21 17:59:21,021 WARN c.h.c.r.e.LoggingCSSParseErrorHandler: [810:63] Deprecated property name '*margin'
2026-09-21 17:59:21,022 WARN c.h.c.r.e.LoggingCSSParseErrorHandler: [816:7] Deprecated property name '*z-index'
2026-09-21 17:59:21,028 WARN c.h.c.r.e.LoggingCSSParseErrorHandler: [873:2253] Deprecated property name '*zoom'
2026-09-21 17:59:21,029 WARN c.h.c.r.e.LoggingCSSParseErrorHandler: [873:3153] Deprecated property name '*zoom'
2026-09-21 17:59:21,029 WARN c.h.c.r.e.LoggingCSSParseErrorHandler: [873:3458] Deprecated property name '*margin-left'
2026-09-21 17:59:21,030 WARN c.h.c.r.e.LoggingCSSParseErrorHandler: [873:3668] Deprecated property name '*width'
2026-09-21 17:59:21,030 WARN c.h.c.r.e.LoggingCSSParseErrorHandler: [873:3740] Deprecated property name '*width'
2026-09-21 17:59:21,030 WARN c.h.c.r.e.LoggingCSSParseErrorHandler: [873:3812] Deprecated property name '*width'
2026-09-21 17:59:21,030 WARN c.h.c.r.e.LoggingCSSParseErrorHandler: [873:3883] Deprecated property name '*width'
2026-09-21 17:59:21,031 WARN c.h.c.r.e.LoggingCSSParseErrorHandler: [873:3954] Deprecated property name '*width'
2026-09-21 17:59:21,031 WARN c.h.c.r.e.LoggingCSSParseErrorHandler: [873:4025] Deprecated property name '*width'
2026-09-21 17:59:21,031 WARN c.h.c.r.e.LoggingCSSParseErrorHandler: [873:4096] Deprecated property name '*width'
2026-09-21 17:59:21,031 WARN c.h.c.r.e.LoggingCSSParseErrorHandler: [873:4167] Deprecated property name '*width'
2026-09-21 17:59:21,031 WARN c.h.c.r.e.LoggingCSSParseErrorHandler: [873:4239] Deprecated property name '*width'
2026-09-21 17:59:21,032 WARN c.h.c.r.e.LoggingCSSParseErrorHandler: [873:4310] Deprecated property name '*width'
2026-09-21 17:59:21,032 WARN c.h.c.r.e.LoggingCSSParseErrorHandler: [873:4380] Deprecated property name '*width'
2026-09-21 17:59:21,032 WARN c.h.c.r.e.LoggingCSSParseErrorHandler: [873:4452] Deprecated property name '*width'
2026-09-21 17:59:21,032 WARN c.h.c.r.e.LoggingCSSParseErrorHandler: [873:4533] Deprecated property name '*margin-left'
2026-09-21 17:59:21,032 WARN c.h.c.r.e.LoggingCSSParseErrorHandler: [873:4633] Deprecated property name '*margin-left'
2026-09-21 17:59:21,033 WARN c.h.c.r.e.LoggingCSSParseErrorHandler: [873:4719] Deprecated property name '*margin-left'
2026-09-21 17:59:21,033 WARN c.h.c.r.e.LoggingCSSParseErrorHandler: [873:4815] Deprecated property name '*margin-left'
2026-09-21 17:59:21,033 WARN c.h.c.r.e.LoggingCSSParseErrorHandler: [873:4901] Deprecated property name '*margin-left'
2026-09-21 17:59:21,033 WARN c.h.c.r.e.LoggingCSSParseErrorHandler: [873:4997] Deprecated property name '*margin-left'
2026-09-21 17:59:21,033 WARN c.h.c.r.e.LoggingCSSParseErrorHandler: [873:5081] Deprecated property name '*margin-left'
2026-09-21 17:59:21,034 WARN c.h.c.r.e.LoggingCSSParseErrorHandler: [873:5178] Deprecated property name '*margin-left'
2026-09-21 17:59:21,034 WARN c.h.c.r.e.LoggingCSSParseErrorHandler: [873:5262] Deprecated property name '*margin-left'
2026-09-21 17:59:21,034 WARN c.h.c.r.e.LoggingCSSParseErrorHandler: [873:5359] Deprecated property name '*margin-left'
2026-09-21 17:59:21,034 WARN c.h.c.r.e.LoggingCSSParseErrorHandler: [873:5444] Deprecated property name '*margin-left'
2026-09-21 17:59:21,034 WARN c.h.c.r.e.LoggingCSSParseErrorHandler: [873:5542] Deprecated property name '*margin-left'
2026-09-21 17:59:21,035 WARN c.h.c.r.e.LoggingCSSParseErrorHandler: [873:5628] Deprecated property name '*margin-left'
2026-09-21 17:59:21,035 WARN c.h.c.r.e.LoggingCSSParseErrorHandler: [873:5726] Deprecated property name '*margin-left'
2026-09-21 17:59:21,035 WARN c.h.c.r.e.LoggingCSSParseErrorHandler: [873:5811] Deprecated property name '*margin-left'
2026-09-21 17:59:21,035 WARN c.h.c.r.e.LoggingCSSParseErrorHandler: [873:5908] Deprecated property name '*margin-left'
2026-09-21 17:59:21,036 WARN c.h.c.r.e.LoggingCSSParseErrorHandler: [873:5993] Deprecated property name '*margin-left'
2026-09-21 17:59:21,036 WARN c.h.c.r.e.LoggingCSSParseErrorHandler: [873:6090] Deprecated property name '*margin-left'
2026-09-21 17:59:21,036 WARN c.h.c.r.e.LoggingCSSParseErrorHandler: [873:6175] Deprecated property name '*margin-left'
2026-09-21 17:59:21,036 WARN c.h.c.r.e.LoggingCSSParseErrorHandler: [873:6273] Deprecated property name '*margin-left'
2026-09-21 17:59:21,036 WARN c.h.c.r.e.LoggingCSSParseErrorHandler: [873:6359] Deprecated property name '*margin-left'
2026-09-21 17:59:21,037 WARN c.h.c.r.e.LoggingCSSParseErrorHandler: [873:6457] Deprecated property name '*margin-left'
2026-09-21 17:59:21,037 WARN c.h.c.r.e.LoggingCSSParseErrorHandler: [873:6542] Deprecated property name '*margin-left'
2026-09-21 17:59:21,037 WARN c.h.c.r.e.LoggingCSSParseErrorHandler: [873:6639] Deprecated property name '*margin-left'
2026-09-21 17:59:21,038 WARN c.h.c.r.e.LoggingCSSParseErrorHandler: [873:7623] Deprecated property name '*zoom'
2026-09-21 17:59:21,039 WARN c.h.c.r.e.LoggingCSSParseErrorHandler: [873:8530] Deprecated property name '*zoom'
2026-09-21 17:59:21,039 WARN c.h.c.r.e.LoggingCSSParseErrorHandler: [873:8834] Deprecated property name '*margin-left'
2026-09-21 17:59:21,039 WARN c.h.c.r.e.LoggingCSSParseErrorHandler: [873:9044] Deprecated property name '*width'
2026-09-21 17:59:21,039 WARN c.h.c.r.e.LoggingCSSParseErrorHandler: [873:9116] Deprecated property name '*width'
2026-09-21 17:59:21,040 WARN c.h.c.r.e.LoggingCSSParseErrorHandler: [873:9188] Deprecated property name '*width'
2026-09-21 17:59:21,040 WARN c.h.c.r.e.LoggingCSSParseErrorHandler: [873:9258] Deprecated property name '*width'
2026-09-21 17:59:21,040 WARN c.h.c.r.e.LoggingCSSParseErrorHandler: [873:9329] Deprecated property name '*width'
2026-09-21 17:59:21,040 WARN c.h.c.r.e.LoggingCSSParseErrorHandler: [873:9400] Deprecated property name '*width'
2026-09-21 17:59:21,040 WARN c.h.c.r.e.LoggingCSSParseErrorHandler: [873:9472] Deprecated property name '*width'
2026-09-21 17:59:21,041 WARN c.h.c.r.e.LoggingCSSParseErrorHandler: [873:9544] Deprecated property name '*width'
2026-09-21 17:59:21,041 WARN c.h.c.r.e.LoggingCSSParseErrorHandler: [873:9616] Deprecated property name '*width'
2026-09-21 17:59:21,041 WARN c.h.c.r.e.LoggingCSSParseErrorHandler: [873:9689] Deprecated property name '*width'
2026-09-21 17:59:21,041 WARN c.h.c.r.e.LoggingCSSParseErrorHandler: [873:9761] Deprecated property name '*width'
2026-09-21 17:59:21,042 WARN c.h.c.r.e.LoggingCSSParseErrorHandler: [873:9833] Deprecated property name '*width'
2026-09-21 17:59:21,042 WARN c.h.c.r.e.LoggingCSSParseErrorHandler: [873:9914] Deprecated property name '*margin-left'
2026-09-21 17:59:21,042 WARN c.h.c.r.e.LoggingCSSParseErrorHandler: [873:10014] Deprecated property name '*margin-left'
2026-09-21 17:59:21,042 WARN c.h.c.r.e.LoggingCSSParseErrorHandler: [873:10101] Deprecated property name '*margin-left'
2026-09-21 17:59:21,042 WARN c.h.c.r.e.LoggingCSSParseErrorHandler: [873:10199] Deprecated property name '*margin-left'
2026-09-21 17:59:21,043 WARN c.h.c.r.e.LoggingCSSParseErrorHandler: [873:10285] Deprecated property name '*margin-left'
2026-09-21 17:59:21,043 WARN c.h.c.r.e.LoggingCSSParseErrorHandler: [873:10383] Deprecated property name '*margin-left'
2026-09-21 17:59:21,043 WARN c.h.c.r.e.LoggingCSSParseErrorHandler: [873:10468] Deprecated property name '*margin-left'
2026-09-21 17:59:21,043 WARN c.h.c.r.e.LoggingCSSParseErrorHandler: [873:10565] Deprecated property name '*margin-left'
2026-09-21 17:59:21,043 WARN c.h.c.r.e.LoggingCSSParseErrorHandler: [873:10650] Deprecated property name '*margin-left'
2026-09-21 17:59:21,044 WARN c.h.c.r.e.LoggingCSSParseErrorHandler: [873:10747] Deprecated property name '*margin-left'
2026-09-21 17:59:21,044 WARN c.h.c.r.e.LoggingCSSParseErrorHandler: [873:10833] Deprecated property name '*margin-left'
2026-09-21 17:59:21,044 WARN c.h.c.r.e.LoggingCSSParseErrorHandler: [873:10930] Deprecated property name '*margin-left'
2026-09-21 17:59:21,044 WARN c.h.c.r.e.LoggingCSSParseErrorHandler: [873:11015] Deprecated property name '*margin-left'
2026-09-21 17:59:21,045 WARN c.h.c.r.e.LoggingCSSParseErrorHandler: [873:11113] Deprecated property name '*margin-left'
2026-09-21 17:59:21,045 WARN c.h.c.r.e.LoggingCSSParseErrorHandler: [873:11200] Deprecated property name '*margin-left'
2026-09-21 17:59:21,045 WARN c.h.c.r.e.LoggingCSSParseErrorHandler: [873:11296] Deprecated property name '*margin-left'
2026-09-21 17:59:21,046 WARN c.h.c.r.e.LoggingCSSParseErrorHandler: [873:11381] Deprecated property name '*margin-left'
2026-09-21 17:59:21,046 WARN c.h.c.r.e.LoggingCSSParseErrorHandler: [873:11479] Deprecated property name '*margin-left'
2026-09-21 17:59:21,046 WARN c.h.c.r.e.LoggingCSSParseErrorHandler: [873:11566] Deprecated property name '*margin-left'
2026-09-21 17:59:21,047 WARN c.h.c.r.e.LoggingCSSParseErrorHandler: [873:11663] Deprecated property name '*margin-left'
2026-09-21 17:59:21,047 WARN c.h.c.r.e.LoggingCSSParseErrorHandler: [873:11748] Deprecated property name '*margin-left'
2026-09-21 17:59:21,047 WARN c.h.c.r.e.LoggingCSSParseErrorHandler: [873:11847] Deprecated property name '*margin-left'
2026-09-21 17:59:21,047 WARN c.h.c.r.e.LoggingCSSParseErrorHandler: [873:11932] Deprecated property name '*margin-left'
2026-09-21 17:59:21,047 WARN c.h.c.r.e.LoggingCSSParseErrorHandler: [873:12030] Deprecated property name '*margin-left'
2026-09-21 17:59:21,514 INFO o.a.j.t.JMeterThread: Thread started: Thread Group 1-3
2026-09-21 17:59:22,520 INFO o.a.j.t.JMeterThread: Thread started: Thread Group 1-4
2026-09-21 17:59:23,525 INFO o.a.j.t.JMeterThread: Thread started: Thread Group 1-5
2026-09-21 17:59:24,531 INFO o.a.j.t.JMeterThread: Thread started: Thread Group 1-6
2026-09-21 17:59:25,537 INFO o.a.j.t.JMeterThread: Thread started: Thread Group 1-7
2026-09-21 17:59:26,541 INFO o.a.j.t.JMeterThread: Thread started: Thread Group 1-8
2026-09-21 17:59:27,546 INFO o.a.j.t.JMeterThread: Thread started: Thread Group 1-9
2026-09-21 17:59:28,550 INFO o.a.j.t.JMeterThread: Thread started: Thread Group 1-10
2026-09-21 17:59:29,556 INFO o.a.j.t.JMeterThread: Thread started: Thread Group 1-11
2026-09-21 17:59:30,508 INFO o.a.j.r.Summariser: summary +     11 in 00:00:11 =    1.0/s Avg:  1049 Min:   878 Max:  1641 Err:     0 (0.00%) Active: 11 Started: 11 Finished: 0
2026-09-21 17:59:30,562 INFO o.a.j.t.JMeterThread: Thread started: Thread Group 1-12
2026-09-21 17:59:31,567 INFO o.a.j.t.JMeterThread: Thread started: Thread Group 1-13
2026-09-21 17:59:32,789 INFO o.a.j.t.JMeterThread: Thread started: Thread Group 1-14
2026-09-21 17:59:33,792 INFO o.a.j.t.JMeterThread: Thread started: Thread Group 1-15
2026-09-21 17:59:34,802 INFO o.a.j.t.JMeterThread: Thread started: Thread Group 1-16
2026-09-21 17:59:35,808 INFO o.a.j.t.JMeterThread: Thread started: Thread Group 1-17
2026-09-21 17:59:36,811 INFO o.a.j.t.JMeterThread: Thread started: Thread Group 1-18
2026-09-21 17:59:37,816 INFO o.a.j.t.JMeterThread: Thread started: Thread Group 1-19
2026-09-21 17:59:38,819 INFO o.a.j.t.JMeterThread: Thread started: Thread Group 1-20
2026-09-21 17:59:39,823 INFO o.a.j.t.JMeterThread: Thread started: Thread Group 1-21
2026-09-21 17:59:40,827 INFO o.a.j.t.JMeterThread: Thread started: Thread Group 1-22
2026-09-21 17:59:41,830 INFO o.a.j.t.JMeterThread: Thread started: Thread Group 1-23
2026-09-21 17:59:42,833 INFO o.a.j.t.JMeterThread: Thread started: Thread Group 1-24
2026-09-21 17:59:43,837 INFO o.a.j.t.JMeterThread: Thread started: Thread Group 1-25
2026-09-21 17:59:44,841 INFO o.a.j.t.JMeterThread: Thread started: Thread Group 1-26
2026-09-21 17:59:45,845 INFO o.a.j.t.JMeterThread: Thread started: Thread Group 1-27
2026-09-21 17:59:46,849 INFO o.a.j.t.JMeterThread: Thread started: Thread Group 1-28
2026-09-21 17:59:47,854 INFO o.a.j.t.JMeterThread: Thread started: Thread Group 1-29
2026-09-21 17:59:48,857 INFO o.a.j.t.JMeterThread: Thread started: Thread Group 1-30
2026-09-21 17:59:49,861 INFO o.a.j.t.JMeterThread: Thread started: Thread Group 1-31
2026-09-21 17:59:50,865 INFO o.a.j.t.JMeterThread: Thread started: Thread Group 1-32
2026-09-21 17:59:51,868 INFO o.a.j.t.JMeterThread: Thread started: Thread Group 1-33
2026-09-21 17:59:52,871 INFO o.a.j.t.JMeterThread: Thread started: Thread Group 1-34
2026-09-21 17:59:53,875 INFO o.a.j.t.JMeterThread: Thread started: Thread Group 1-35
2026-09-21 17:59:54,879 INFO o.a.j.t.JMeterThread: Thread started: Thread Group 1-36
2026-09-21 17:59:55,882 INFO o.a.j.t.JMeterThread: Thread started: Thread Group 1-37
2026-09-21 17:59:56,885 INFO o.a.j.t.JMeterThread: Thread started: Thread Group 1-38
2026-09-21 17:59:57,889 INFO o.a.j.t.JMeterThread: Thread started: Thread Group 1-39
2026-09-21 17:59:58,893 INFO o.a.j.t.JMeterThread: Thread started: Thread Group 1-40
2026-09-21 17:59:59,897 INFO o.a.j.t.JMeterThread: Thread started: Thread Group 1-41
2026-09-21 18:00:00,397 INFO o.a.j.r.Summariser: summary +     41 in 00:00:30 =    1.4/s Avg:  1009 Min:   500 Max:  1500 Err:     0 (0.00%) Active: 41 Started: 41 Finished: 0
2026-09-21 18:00:00,397 INFO o.a.j.r.Summariser: summary =     52 in 00:00:41 =    1.3/s Avg:  1017 Min:   500 Max:  1641 Err:     0 (0.00%)
2026-09-21 18:00:00,900 INFO o.a.j.t.JMeterThread: Thread started: Thread Group 1-42
2026-09-21 18:00:01,904 INFO o.a.j.t.JMeterThread: Thread started: Thread Group 1-43
2026-09-21 18:00:02,908 INFO o.a.j.t.JMeterThread: Thread started: Thread Group 1-44
2026-09-21 18:00:03,912 INFO o.a.j.t.JMeterThread: Thread started: Thread Group 1-45
2026-09-21 18:00:04,916 INFO o.a.j.t.JMeterThread: Thread started: Thread Group 1-46
2026-09-21 18:00:05,919 INFO o.a.j.t.JMeterThread: Thread started: Thread Group 1-47
2026-09-21 18:00:06,923 INFO o.a.j.t.JMeterThread: Thread started: Thread Group 1-48
2026-09-21 18:00:07,927 INFO o.a.j.t.JMeterThread: Thread started: Thread Group 1-49
2026-09-21 18:00:08,930 INFO o.a.j.t.JMeterThread: Thread started: Thread Group 1-50
2026-09-21 18:00:09,933 INFO o.a.j.t.JMeterThread: Thread started: Thread Group 1-51
2026-09-21 18:00:10,938 INFO o.a.j.t.JMeterThread: Thread started: Thread Group 1-52
2026-09-21 18:00:11,942 INFO o.a.j.t.JMeterThread: Thread started: Thread Group 1-53
2026-09-21 18:00:12,944 INFO o.a.j.t.JMeterThread: Thread started: Thread Group 1-54
2026-09-21 18:00:13,948 INFO o.a.j.t.JMeterThread: Thread started: Thread Group 1-55
2026-09-21 18:00:14,951 INFO o.a.j.t.JMeterThread: Thread started: Thread Group 1-56
2026-09-21 18:00:15,954 INFO o.a.j.t.JMeterThread: Thread started: Thread Group 1-57
2026-09-21 18:00:16,958 INFO o.a.j.t.JMeterThread: Thread started: Thread Group 1-58
2026-09-21 18:00:17,964 INFO o.a.j.t.JMeterThread: Thread started: Thread Group 1-59
2026-09-21 18:00:18,967 INFO o.a.j.t.JMeterThread: Thread started: Thread Group 1-60
2026-09-21 18:00:19,970 INFO o.a.j.t.JMeterThread: Thread started: Thread Group 1-61
2026-09-21 18:00:20,973 INFO o.a.j.t.JMeterThread: Thread started: Thread Group 1-62
2026-09-21 18:00:21,976 INFO o.a.j.t.JMeterThread: Thread started: Thread Group 1-63
2026-09-21 18:00:22,978 INFO o.a.j.t.JMeterThread: Thread started: Thread Group 1-64
2026-09-21 18:00:23,983 INFO o.a.j.t.JMeterThread: Thread started: Thread Group 1-65
2026-09-21 18:00:24,985 INFO o.a.j.t.JMeterThread: Thread started: Thread Group 1-66
2026-09-21 18:00:25,989 INFO o.a.j.t.JMeterThread: Thread started: Thread Group 1-67
2026-09-21 18:00:26,993 INFO o.a.j.t.JMeterThread: Thread started: Thread Group 1-68
2026-09-21 18:00:27,997 INFO o.a.j.t.JMeterThread: Thread started: Thread Group 1-69
2026-09-21 18:00:29,000 INFO o.a.j.t.JMeterThread: Thread started: Thread Group 1-70
2026-09-21 18:00:30,003 INFO o.a.j.t.JMeterThread: Thread started: Thread Group 1-71
2026-09-21 18:00:30,170 INFO o.a.j.r.Summariser: summary +     50 in 00:00:30 =    1.7/s Avg:  1652 Min:   509 Max: 13437 Err:     0 (0.00%) Active: 71 Started: 71 Finished: 0
2026-09-21 18:00:30,170 INFO o.a.j.r.Summariser: summary =    102 in 00:01:11 =    1.4/s Avg:  1328 Min:   500 Max: 13437 Err:     0 (0.00%)
2026-09-21 18:00:31,008 INFO o.a.j.t.JMeterThread: Thread started: Thread Group 1-72
2026-09-21 18:00:32,012 INFO o.a.j.t.JMeterThread: Thread started: Thread Group 1-73
2026-09-21 18:00:33,015 INFO o.a.j.t.JMeterThread: Thread started: Thread Group 1-74
2026-09-21 18:00:34,019 INFO o.a.j.t.JMeterThread: Thread started: Thread Group 1-75
2026-09-21 18:00:35,022 INFO o.a.j.t.JMeterThread: Thread started: Thread Group 1-76
2026-09-21 18:00:36,025 INFO o.a.j.t.JMeterThread: Thread started: Thread Group 1-77
2026-09-21 18:00:37,030 INFO o.a.j.t.JMeterThread: Thread started: Thread Group 1-78
2026-09-21 18:00:38,033 INFO o.a.j.t.JMeterThread: Thread started: Thread Group 1-79
2026-09-21 18:00:39,035 INFO o.a.j.t.JMeterThread: Thread started: Thread Group 1-80
2026-09-21 18:00:40,039 INFO o.a.j.t.JMeterThread: Thread started: Thread Group 1-81
2026-09-21 18:00:41,042 INFO o.a.j.t.JMeterThread: Thread started: Thread Group 1-82
2026-09-21 18:00:42,047 INFO o.a.j.t.JMeterThread: Thread started: Thread Group 1-83
2026-09-21 18:00:43,051 INFO o.a.j.t.JMeterThread: Thread started: Thread Group 1-84
2026-09-21 18:00:44,054 INFO o.a.j.t.JMeterThread: Thread started: Thread Group 1-85
2026-09-21 18:00:45,059 INFO o.a.j.t.JMeterThread: Thread started: Thread Group 1-86
2026-09-21 18:00:46,062 INFO o.a.j.t.JMeterThread: Thread started: Thread Group 1-87
2026-09-21 18:00:46,111 INFO o.a.j.t.JMeterThread: Thread is done: Thread Group 1-1
2026-09-21 18:00:46,111 INFO o.a.j.t.JMeterThread: Thread finished: Thread Group 1-1
2026-09-21 18:00:47,065 INFO o.a.j.t.JMeterThread: Thread started: Thread Group 1-88
2026-09-21 18:00:48,068 INFO o.a.j.t.JMeterThread: Thread started: Thread Group 1-89
2026-09-21 18:00:49,072 INFO o.a.j.t.JMeterThread: Thread started: Thread Group 1-90
2026-09-21 18:00:50,075 INFO o.a.j.t.JMeterThread: Thread started: Thread Group 1-91
2026-09-21 18:00:51,079 INFO o.a.j.t.JMeterThread: Thread started: Thread Group 1-92
2026-09-21 18:00:52,082 INFO o.a.j.t.JMeterThread: Thread started: Thread Group 1-93
2026-09-21 18:00:53,085 INFO o.a.j.t.JMeterThread: Thread started: Thread Group 1-94
2026-09-21 18:00:54,088 INFO o.a.j.t.JMeterThread: Thread started: Thread Group 1-95
2026-09-21 18:00:55,091 INFO o.a.j.t.JMeterThread: Thread started: Thread Group 1-96
2026-09-21 18:00:56,095 INFO o.a.j.t.JMeterThread: Thread started: Thread Group 1-97
2026-09-21 18:00:57,098 INFO o.a.j.t.JMeterThread: Thread started: Thread Group 1-98
2026-09-21 18:00:58,101 INFO o.a.j.t.JMeterThread: Thread started: Thread Group 1-99
2026-09-21 18:00:59,105 INFO o.a.j.t.JMeterThread: Thread started: Thread Group 1-100
2026-09-21 18:01:00,109 INFO o.a.j.t.JMeterThread: Thread started: Thread Group 1-101
2026-09-21 18:01:00,139 INFO o.a.j.r.Summariser: summary +     65 in 00:00:30 =    2.2/s Avg:  1264 Min:   519 Max:  4688 Err:     0 (0.00%) Active: 100 Started: 101 Finished: 1
2026-09-21 18:01:00,139 INFO o.a.j.r.Summariser: summary =    167 in 00:01:41 =    1.7/s Avg:  1303 Min:   500 Max: 13437 Err:     0 (0.00%)
2026-09-21 18:01:01,113 INFO o.a.j.t.JMeterThread: Thread started: Thread Group 1-102
2026-09-21 18:01:02,115 INFO o.a.j.t.JMeterThread: Thread started: Thread Group 1-103
2026-09-21 18:01:03,119 INFO o.a.j.t.JMeterThread: Thread started: Thread Group 1-104
2026-09-21 18:01:04,123 INFO o.a.j.t.JMeterThread: Thread started: Thread Group 1-105
2026-09-21 18:01:05,125 INFO o.a.j.t.JMeterThread: Thread started: Thread Group 1-106
2026-09-21 18:01:06,130 INFO o.a.j.t.JMeterThread: Thread started: Thread Group 1-107
2026-09-21 18:01:07,133 INFO o.a.j.t.JMeterThread: Thread started: Thread Group 1-108
2026-09-21 18:01:08,136 INFO o.a.j.t.JMeterThread: Thread started: Thread Group 1-109
2026-09-21 18:01:08,677 INFO o.a.j.t.JMeterThread: Thread is done: Thread Group 1-33
2026-09-21 18:01:08,677 INFO o.a.j.t.JMeterThread: Thread finished: Thread Group 1-33
2026-09-21 18:01:09,139 INFO o.a.j.t.JMeterThread: Thread started: Thread Group 1-110
2026-09-21 18:01:10,142 INFO o.a.j.t.JMeterThread: Thread started: Thread Group 1-111
2026-09-21 18:01:11,147 INFO o.a.j.t.JMeterThread: Thread started: Thread Group 1-112
2026-09-21 18:01:12,150 INFO o.a.j.t.JMeterThread: Thread started: Thread Group 1-113
2026-09-21 18:01:13,152 INFO o.a.j.t.JMeterThread: Thread started: Thread Group 1-114
2026-09-21 18:01:14,156 INFO o.a.j.t.JMeterThread: Thread started: Thread Group 1-115
2026-09-21 18:01:15,160 INFO o.a.j.t.JMeterThread: Thread started: Thread Group 1-116
2026-09-21 18:01:15,642 INFO o.a.j.t.JMeterThread: Thread is done: Thread Group 1-11
2026-09-21 18:01:15,642 INFO o.a.j.t.JMeterThread: Thread finished: Thread Group 1-11
2026-09-21 18:01:16,164 INFO o.a.j.t.JMeterThread: Thread started: Thread Group 1-117
2026-09-21 18:01:16,716 INFO o.a.j.t.JMeterThread: Thread is done: Thread Group 1-5
2026-09-21 18:01:16,727 INFO o.a.j.t.JMeterThread: Thread finished: Thread Group 1-5
2026-09-21 18:01:17,167 INFO o.a.j.t.JMeterThread: Thread started: Thread Group 1-118
2026-09-21 18:01:18,170 INFO o.a.j.t.JMeterThread: Thread started: Thread Group 1-119
2026-09-21 18:01:18,706 INFO o.a.j.t.JMeterThread: Thread is done: Thread Group 1-24
2026-09-21 18:01:18,706 INFO o.a.j.t.JMeterThread: Thread finished: Thread Group 1-24
2026-09-21 18:01:19,174 INFO o.a.j.t.JMeterThread: Thread started: Thread Group 1-120
2026-09-21 18:01:20,177 INFO o.a.j.t.JMeterThread: Thread started: Thread Group 1-121
2026-09-21 18:01:20,998 INFO o.a.j.t.JMeterThread: Thread is done: Thread Group 1-2
2026-09-21 18:01:20,998 INFO o.a.j.t.JMeterThread: Thread finished: Thread Group 1-2
2026-09-21 18:01:21,180 INFO o.a.j.t.JMeterThread: Thread started: Thread Group 1-122
2026-09-21 18:01:22,183 INFO o.a.j.t.JMeterThread: Thread started: Thread Group 1-123
2026-09-21 18:01:22,566 INFO o.a.j.t.JMeterThread: Thread is done: Thread Group 1-39
2026-09-21 18:01:22,566 INFO o.a.j.t.JMeterThread: Thread finished: Thread Group 1-39
2026-09-21 18:01:23,187 INFO o.a.j.t.JMeterThread: Thread started: Thread Group 1-124
2026-09-21 18:01:24,190 INFO o.a.j.t.JMeterThread: Thread started: Thread Group 1-125
2026-09-21 18:01:25,194 INFO o.a.j.t.JMeterThread: Thread started: Thread Group 1-126
2026-09-21 18:01:25,775 INFO o.a.j.t.JMeterThread: Thread is done: Thread Group 1-7
2026-09-21 18:01:25,776 INFO o.a.j.t.JMeterThread: Thread finished: Thread Group 1-7
2026-09-21 18:01:26,198 INFO o.a.j.t.JMeterThread: Thread started: Thread Group 1-127
2026-09-21 18:01:26,752 INFO o.a.j.t.JMeterThread: Thread is done: Thread Group 1-37
2026-09-21 18:01:26,752 INFO o.a.j.t.JMeterThread: Thread finished: Thread Group 1-37
2026-09-21 18:01:27,201 INFO o.a.j.t.JMeterThread: Thread started: Thread Group 1-128
2026-09-21 18:01:27,324 INFO o.a.j.t.JMeterThread: Thread is done: Thread Group 1-14
2026-09-21 18:01:27,324 INFO o.a.j.t.JMeterThread: Thread finished: Thread Group 1-14
2026-09-21 18:01:28,205 INFO o.a.j.t.JMeterThread: Thread started: Thread Group 1-129
2026-09-21 18:01:28,746 INFO o.a.j.t.JMeterThread: Thread is done: Thread Group 1-18
2026-09-21 18:01:28,747 INFO o.a.j.t.JMeterThread: Thread finished: Thread Group 1-18
2026-09-21 18:01:29,208 INFO o.a.j.t.JMeterThread: Thread started: Thread Group 1-130
2026-09-21 18:01:30,076 INFO o.a.j.r.Summariser: summary +     88 in 00:00:30 =    2.9/s Avg:  1225 Min:   518 Max:  9224 Err:     0 (0.00%) Active: 119 Started: 130 Finished: 11
2026-09-21 18:01:30,076 INFO o.a.j.r.Summariser: summary =    255 in 00:02:11 =    2.0/s Avg:  1276 Min:   500 Max: 13437 Err:     0 (0.00%)
2026-09-21 18:01:30,211 INFO o.a.j.t.JMeterThread: Thread started: Thread Group 1-131
2026-09-21 18:01:31,216 INFO o.a.j.t.JMeterThread: Thread started: Thread Group 1-132
2026-09-21 18:01:32,221 INFO o.a.j.t.JMeterThread: Thread started: Thread Group 1-133
2026-09-21 18:01:33,224 INFO o.a.j.t.JMeterThread: Thread started: Thread Group 1-134
2026-09-21 18:01:34,226 INFO o.a.j.t.JMeterThread: Thread started: Thread Group 1-135
2026-09-21 18:01:35,230 INFO o.a.j.t.JMeterThread: Thread started: Thread Group 1-136
2026-09-21 18:01:35,878 INFO o.a.j.t.JMeterThread: Thread is done: Thread Group 1-10
2026-09-21 18:01:35,878 INFO o.a.j.t.JMeterThread: Thread finished: Thread Group 1-10
2026-09-21 18:01:36,234 INFO o.a.j.t.JMeterThread: Thread started: Thread Group 1-137
2026-09-21 18:01:36,326 INFO o.a.j.t.JMeterThread: Thread is done: Thread Group 1-15
2026-09-21 18:01:36,326 INFO o.a.j.t.JMeterThread: Thread finished: Thread Group 1-15
2026-09-21 18:01:37,237 INFO o.a.j.t.JMeterThread: Thread started: Thread Group 1-138
2026-09-21 18:01:38,241 INFO o.a.j.t.JMeterThread: Thread started: Thread Group 1-139
2026-09-21 18:01:39,244 INFO o.a.j.t.JMeterThread: Thread started: Thread Group 1-140
2026-09-21 18:01:40,247 INFO o.a.j.t.JMeterThread: Thread started: Thread Group 1-141
2026-09-21 18:01:41,250 INFO o.a.j.t.JMeterThread: Thread started: Thread Group 1-142
2026-09-21 18:01:41,350 INFO o.a.j.t.JMeterThread: Thread is done: Thread Group 1-36
2026-09-21 18:01:41,350 INFO o.a.j.t.JMeterThread: Thread finished: Thread Group 1-36
2026-09-21 18:01:41,351 INFO o.a.j.t.JMeterThread: Thread is done: Thread Group 1-32
2026-09-21 18:01:41,351 INFO o.a.j.t.JMeterThread: Thread finished: Thread Group 1-32
2026-09-21 18:01:42,253 INFO o.a.j.t.JMeterThread: Thread started: Thread Group 1-143
2026-09-21 18:01:43,257 INFO o.a.j.t.JMeterThread: Thread started: Thread Group 1-144
2026-09-21 18:01:44,259 INFO o.a.j.t.JMeterThread: Thread started: Thread Group 1-145
2026-09-21 18:01:45,264 INFO o.a.j.t.JMeterThread: Thread started: Thread Group 1-146
2026-09-21 18:01:45,851 INFO o.a.j.t.JMeterThread: Thread is done: Thread Group 1-16
2026-09-21 18:01:45,851 INFO o.a.j.t.JMeterThread: Thread finished: Thread Group 1-16
2026-09-21 18:01:46,001 INFO o.a.j.t.JMeterThread: Thread is done: Thread Group 1-23
2026-09-21 18:01:46,001 INFO o.a.j.t.JMeterThread: Thread finished: Thread Group 1-23
2026-09-21 18:01:46,268 INFO o.a.j.t.JMeterThread: Thread started: Thread Group 1-147
2026-09-21 18:01:47,272 INFO o.a.j.t.JMeterThread: Thread started: Thread Group 1-148
2026-09-21 18:01:47,594 INFO o.a.j.t.JMeterThread: Thread is done: Thread Group 1-58
2026-09-21 18:01:47,594 INFO o.a.j.t.JMeterThread: Thread finished: Thread Group 1-58
2026-09-21 18:01:48,275 INFO o.a.j.t.JMeterThread: Thread started: Thread Group 1-149
2026-09-21 18:01:49,136 INFO o.a.j.t.JMeterThread: Thread is done: Thread Group 1-19
2026-09-21 18:01:49,136 INFO o.a.j.t.JMeterThread: Thread finished: Thread Group 1-19
2026-09-21 18:01:49,277 INFO o.a.j.t.JMeterThread: Thread started: Thread Group 1-150
2026-09-21 18:01:50,279 INFO o.a.j.t.JMeterThread: Thread started: Thread Group 1-151
2026-09-21 18:01:51,281 INFO o.a.j.t.JMeterThread: Thread started: Thread Group 1-152
2026-09-21 18:01:52,283 INFO o.a.j.t.JMeterThread: Thread started: Thread Group 1-153
2026-09-21 18:01:53,286 INFO o.a.j.t.JMeterThread: Thread started: Thread Group 1-154
2026-09-21 18:01:54,288 INFO o.a.j.t.JMeterThread: Thread started: Thread Group 1-155
2026-09-21 18:01:55,210 INFO o.a.j.t.JMeterThread: Thread is done: Thread Group 1-12
2026-09-21 18:01:55,211 INFO o.a.j.t.JMeterThread: Thread finished: Thread Group 1-12
2026-09-21 18:01:55,289 INFO o.a.j.t.JMeterThread: Thread started: Thread Group 1-156
2026-09-21 18:01:56,292 INFO o.a.j.t.JMeterThread: Thread started: Thread Group 1-157
2026-09-21 18:01:56,529 INFO o.a.j.t.JMeterThread: Thread is done: Thread Group 1-35
2026-09-21 18:01:56,529 INFO o.a.j.t.JMeterThread: Thread finished: Thread Group 1-35
2026-09-21 18:01:57,295 INFO o.a.j.t.JMeterThread: Thread started: Thread Group 1-158
2026-09-21 18:01:58,298 INFO o.a.j.t.JMeterThread: Thread started: Thread Group 1-159
2026-09-21 18:01:59,301 INFO o.a.j.t.JMeterThread: Thread started: Thread Group 1-160
2026-09-21 18:01:59,406 INFO o.a.j.t.JMeterThread: Thread is done: Thread Group 1-3
2026-09-21 18:01:59,406 INFO o.a.j.t.JMeterThread: Thread finished: Thread Group 1-3
2026-09-21 18:02:00,107 INFO o.a.j.r.Summariser: summary +     92 in 00:00:30 =    3.1/s Avg:  1257 Min:   535 Max:  2772 Err:     0 (0.00%) Active: 138 Started: 160 Finished: 22
2026-09-21 18:02:00,107 INFO o.a.j.r.Summariser: summary =    347 in 00:02:41 =    2.2/s Avg:  1271 Min:   500 Max: 13437 Err:     0 (0.00%)
2026-09-21 18:02:00,303 INFO o.a.j.t.JMeterThread: Thread started: Thread Group 1-161
2026-09-21 18:02:01,306 INFO o.a.j.t.JMeterThread: Thread started: Thread Group 1-162
2026-09-21 18:02:01,414 INFO o.a.j.t.JMeterThread: Thread is done: Thread Group 1-59
2026-09-21 18:02:01,414 INFO o.a.j.t.JMeterThread: Thread finished: Thread Group 1-59
2026-09-21 18:02:02,309 INFO o.a.j.t.JMeterThread: Thread started: Thread Group 1-163
2026-09-21 18:02:02,778 INFO o.a.j.t.JMeterThread: Thread is done: Thread Group 1-21
2026-09-21 18:02:02,778 INFO o.a.j.t.JMeterThread: Thread finished: Thread Group 1-21
2026-09-21 18:02:03,193 INFO o.a.j.t.JMeterThread: Thread is done: Thread Group 1-62
2026-09-21 18:02:03,193 INFO o.a.j.t.JMeterThread: Thread finished: Thread Group 1-62
2026-09-21 18:02:03,311 INFO o.a.j.t.JMeterThread: Thread started: Thread Group 1-164
2026-09-21 18:02:04,312 INFO o.a.j.t.JMeterThread: Thread started: Thread Group 1-165
2026-09-21 18:02:04,959 INFO o.a.j.t.JMeterThread: Thread is done: Thread Group 1-30
2026-09-21 18:02:04,959 INFO o.a.j.t.JMeterThread: Thread finished: Thread Group 1-30
2026-09-21 18:02:05,314 INFO o.a.j.t.JMeterThread: Thread started: Thread Group 1-166
2026-09-21 18:02:06,317 INFO o.a.j.t.JMeterThread: Thread started: Thread Group 1-167
2026-09-21 18:02:07,319 INFO o.a.j.t.JMeterThread: Thread started: Thread Group 1-168
2026-09-21 18:02:07,656 INFO o.a.j.t.JMeterThread: Thread is done: Thread Group 1-27
2026-09-21 18:02:07,656 INFO o.a.j.t.JMeterThread: Thread finished: Thread Group 1-27
2026-09-21 18:02:08,321 INFO o.a.j.t.JMeterThread: Thread started: Thread Group 1-169
2026-09-21 18:02:08,542 INFO o.a.j.t.JMeterThread: Thread is done: Thread Group 1-114
2026-09-21 18:02:08,542 INFO o.a.j.t.JMeterThread: Thread finished: Thread Group 1-114
2026-09-21 18:02:08,645 INFO o.a.j.t.JMeterThread: Thread is done: Thread Group 1-44
2026-09-21 18:02:08,646 INFO o.a.j.t.JMeterThread: Thread finished: Thread Group 1-44
2026-09-21 18:02:09,324 INFO o.a.j.t.JMeterThread: Thread started: Thread Group 1-170
2026-09-21 18:02:10,326 INFO o.a.j.t.JMeterThread: Thread started: Thread Group 1-171
2026-09-21 18:02:11,328 INFO o.a.j.t.JMeterThread: Thread started: Thread Group 1-172
2026-09-21 18:02:12,330 INFO o.a.j.t.JMeterThread: Thread started: Thread Group 1-173
2026-09-21 18:02:12,733 INFO o.a.j.t.JMeterThread: Thread is done: Thread Group 1-6
2026-09-21 18:02:12,734 INFO o.a.j.t.JMeterThread: Thread finished: Thread Group 1-6
2026-09-21 18:02:13,334 INFO o.a.j.t.JMeterThread: Thread started: Thread Group 1-174
2026-09-21 18:02:13,496 INFO o.a.j.t.JMeterThread: Thread is done: Thread Group 1-40
2026-09-21 18:02:13,496 INFO o.a.j.t.JMeterThread: Thread finished: Thread Group 1-40
2026-09-21 18:02:14,337 INFO o.a.j.t.JMeterThread: Thread started: Thread Group 1-175
2026-09-21 18:02:15,339 INFO o.a.j.t.JMeterThread: Thread started: Thread Group 1-176
2026-09-21 18:02:16,309 INFO o.a.j.t.JMeterThread: Thread is done: Thread Group 1-28
2026-09-21 18:02:16,309 INFO o.a.j.t.JMeterThread: Thread finished: Thread Group 1-28
2026-09-21 18:02:16,341 INFO o.a.j.t.JMeterThread: Thread started: Thread Group 1-177
2026-09-21 18:02:16,519 INFO o.a.j.t.JMeterThread: Thread is done: Thread Group 1-86
2026-09-21 18:02:16,519 INFO o.a.j.t.JMeterThread: Thread finished: Thread Group 1-86
2026-09-21 18:02:17,337 INFO o.a.j.t.JMeterThread: Thread is done: Thread Group 1-55
2026-09-21 18:02:17,337 INFO o.a.j.t.JMeterThread: Thread finished: Thread Group 1-55
2026-09-21 18:02:17,342 INFO o.a.j.t.JMeterThread: Thread started: Thread Group 1-178
2026-09-21 18:02:17,834 INFO o.a.j.t.JMeterThread: Thread is done: Thread Group 1-31
2026-09-21 18:02:17,834 INFO o.a.j.t.JMeterThread: Thread finished: Thread Group 1-31
2026-09-21 18:02:18,345 INFO o.a.j.t.JMeterThread: Thread started: Thread Group 1-179
2026-09-21 18:02:18,657 INFO o.a.j.t.JMeterThread: Thread is done: Thread Group 1-8
2026-09-21 18:02:18,657 INFO o.a.j.t.JMeterThread: Thread finished: Thread Group 1-8
2026-09-21 18:02:19,347 INFO o.a.j.t.JMeterThread: Thread started: Thread Group 1-180
2026-09-21 18:02:20,349 INFO o.a.j.t.JMeterThread: Thread started: Thread Group 1-181
2026-09-21 18:02:21,353 INFO o.a.j.t.JMeterThread: Thread started: Thread Group 1-182
2026-09-21 18:02:21,725 INFO o.a.j.t.JMeterThread: Thread is done: Thread Group 1-80
2026-09-21 18:02:21,725 INFO o.a.j.t.JMeterThread: Thread finished: Thread Group 1-80
2026-09-21 18:02:22,356 INFO o.a.j.t.JMeterThread: Thread started: Thread Group 1-183
2026-09-21 18:02:23,359 INFO o.a.j.t.JMeterThread: Thread started: Thread Group 1-184
2026-09-21 18:02:24,174 INFO o.a.j.t.JMeterThread: Thread is done: Thread Group 1-49
2026-09-21 18:02:24,174 INFO o.a.j.t.JMeterThread: Thread finished: Thread Group 1-49
2026-09-21 18:02:24,360 INFO o.a.j.t.JMeterThread: Thread started: Thread Group 1-185
2026-09-21 18:02:24,578 INFO o.a.j.t.JMeterThread: Thread is done: Thread Group 1-64
2026-09-21 18:02:24,578 INFO o.a.j.t.JMeterThread: Thread finished: Thread Group 1-64
2026-09-21 18:02:24,716 INFO o.a.j.t.JMeterThread: Thread is done: Thread Group 1-46
2026-09-21 18:02:24,716 INFO o.a.j.t.JMeterThread: Thread finished: Thread Group 1-46
2026-09-21 18:02:25,363 INFO o.a.j.t.JMeterThread: Thread started: Thread Group 1-186
2026-09-21 18:02:26,364 INFO o.a.j.t.JMeterThread: Thread started: Thread Group 1-187
2026-09-21 18:02:27,368 INFO o.a.j.t.JMeterThread: Thread started: Thread Group 1-188
2026-09-21 18:02:28,371 INFO o.a.j.t.JMeterThread: Thread started: Thread Group 1-189
2026-09-21 18:02:28,513 INFO o.a.j.t.JMeterThread: Thread is done: Thread Group 1-66
2026-09-21 18:02:28,514 INFO o.a.j.t.JMeterThread: Thread finished: Thread Group 1-66
2026-09-21 18:02:29,373 INFO o.a.j.t.JMeterThread: Thread started: Thread Group 1-190
2026-09-21 18:02:30,374 INFO o.a.j.t.JMeterThread: Thread started: Thread Group 1-191
2026-09-21 18:02:30,608 INFO o.a.j.r.Summariser: summary +    122 in 00:00:31 =    4.0/s Avg:  1165 Min:   544 Max:  4384 Err:     0 (0.00%) Active: 150 Started: 191 Finished: 41
2026-09-21 18:02:30,608 INFO o.a.j.r.Summariser: summary =    469 in 00:03:11 =    2.5/s Avg:  1243 Min:   500 Max: 13437 Err:     0 (0.00%)
2026-09-21 18:02:31,378 INFO o.a.j.t.JMeterThread: Thread started: Thread Group 1-192
2026-09-21 18:02:31,848 INFO o.a.j.t.JMeterThread: Thread is done: Thread Group 1-4
2026-09-21 18:02:31,848 INFO o.a.j.t.JMeterThread: Thread finished: Thread Group 1-4
2026-09-21 18:02:32,380 INFO o.a.j.t.JMeterThread: Thread started: Thread Group 1-193
2026-09-21 18:02:33,383 INFO o.a.j.t.JMeterThread: Thread started: Thread Group 1-194
2026-09-21 18:02:34,385 INFO o.a.j.t.JMeterThread: Thread started: Thread Group 1-195
2026-09-21 18:02:35,386 INFO o.a.j.t.JMeterThread: Thread started: Thread Group 1-196
2026-09-21 18:02:36,043 INFO o.a.j.t.JMeterThread: Thread is done: Thread Group 1-81
2026-09-21 18:02:36,043 INFO o.a.j.t.JMeterThread: Thread finished: Thread Group 1-81
2026-09-21 18:02:36,176 INFO o.a.j.t.JMeterThread: Thread is done: Thread Group 1-109
2026-09-21 18:02:36,177 INFO o.a.j.t.JMeterThread: Thread finished: Thread Group 1-109
2026-09-21 18:02:36,388 INFO o.a.j.t.JMeterThread: Thread started: Thread Group 1-197
2026-09-21 18:02:37,390 INFO o.a.j.t.JMeterThread: Thread started: Thread Group 1-198
2026-09-21 18:02:38,393 INFO o.a.j.t.JMeterThread: Thread started: Thread Group 1-199
2026-09-21 18:02:39,395 INFO o.a.j.t.JMeterThread: Thread started: Thread Group 1-200
2026-09-21 18:02:40,133 INFO o.a.j.t.JMeterThread: Thread is done: Thread Group 1-41
2026-09-21 18:02:40,133 INFO o.a.j.t.JMeterThread: Thread finished: Thread Group 1-41
2026-09-21 18:02:40,397 INFO o.a.j.t.JMeterThread: Thread started: Thread Group 1-201
2026-09-21 18:02:40,946 INFO o.a.j.t.JMeterThread: Thread is done: Thread Group 1-26
2026-09-21 18:02:40,946 INFO o.a.j.t.JMeterThread: Thread finished: Thread Group 1-26
2026-09-21 18:02:41,398 INFO o.a.j.t.JMeterThread: Thread started: Thread Group 1-202
2026-09-21 18:02:42,401 INFO o.a.j.t.JMeterThread: Thread started: Thread Group 1-203
2026-09-21 18:02:43,403 INFO o.a.j.t.JMeterThread: Thread started: Thread Group 1-204
2026-09-21 18:02:43,911 INFO o.a.j.t.JMeterThread: Thread is done: Thread Group 1-107
2026-09-21 18:02:43,912 INFO o.a.j.t.JMeterThread: Thread finished: Thread Group 1-107
2026-09-21 18:02:44,405 INFO o.a.j.t.JMeterThread: Thread started: Thread Group 1-205
2026-09-21 18:02:44,567 INFO o.a.j.t.JMeterThread: Thread is done: Thread Group 1-9
2026-09-21 18:02:44,567 INFO o.a.j.t.JMeterThread: Thread finished: Thread Group 1-9
2026-09-21 18:02:44,733 INFO o.a.j.t.JMeterThread: Thread is done: Thread Group 1-93
2026-09-21 18:02:44,733 INFO o.a.j.t.JMeterThread: Thread finished: Thread Group 1-93
2026-09-21 18:02:45,262 INFO o.a.j.t.JMeterThread: Thread is done: Thread Group 1-20
2026-09-21 18:02:45,262 INFO o.a.j.t.JMeterThread: Thread finished: Thread Group 1-20
2026-09-21 18:02:45,408 INFO o.a.j.t.JMeterThread: Thread started: Thread Group 1-206
2026-09-21 18:02:45,798 INFO o.a.j.t.JMeterThread: Thread is done: Thread Group 1-13
2026-09-21 18:02:45,798 INFO o.a.j.t.JMeterThread: Thread finished: Thread Group 1-13
2026-09-21 18:02:46,410 INFO o.a.j.t.JMeterThread: Thread started: Thread Group 1-207
2026-09-21 18:02:46,828 INFO o.a.j.t.JMeterThread: Thread is done: Thread Group 1-110
2026-09-21 18:02:46,828 INFO o.a.j.t.JMeterThread: Thread finished: Thread Group 1-110
2026-09-21 18:02:47,413 INFO o.a.j.t.JMeterThread: Thread started: Thread Group 1-208
2026-09-21 18:02:48,045 INFO o.a.j.t.JMeterThread: Thread is done: Thread Group 1-45
2026-09-21 18:02:48,045 INFO o.a.j.t.JMeterThread: Thread finished: Thread Group 1-45
2026-09-21 18:02:48,415 INFO o.a.j.t.JMeterThread: Thread started: Thread Group 1-209
2026-09-21 18:02:49,418 INFO o.a.j.t.JMeterThread: Thread started: Thread Group 1-210
2026-09-21 18:02:49,585 INFO o.a.j.t.JMeterThread: Thread is done: Thread Group 1-54
2026-09-21 18:02:49,585 INFO o.a.j.t.JMeterThread: Thread finished: Thread Group 1-54
2026-09-21 18:02:49,585 INFO o.a.j.t.JMeterThread: Thread is done: Thread Group 1-17
2026-09-21 18:02:49,585 INFO o.a.j.t.JMeterThread: Thread finished: Thread Group 1-17
2026-09-21 18:02:50,420 INFO o.a.j.t.JMeterThread: Thread started: Thread Group 1-211
2026-09-21 18:02:50,898 INFO o.a.j.t.JMeterThread: Thread is done: Thread Group 1-53
2026-09-21 18:02:50,898 INFO o.a.j.t.JMeterThread: Thread finished: Thread Group 1-53
2026-09-21 18:02:51,424 INFO o.a.j.t.JMeterThread: Thread started: Thread Group 1-212
2026-09-21 18:02:52,425 INFO o.a.j.t.JMeterThread: Thread is done: Thread Group 1-113
2026-09-21 18:02:52,425 INFO o.a.j.t.JMeterThread: Thread started: Thread Group 1-213
2026-09-21 18:02:52,425 INFO o.a.j.t.JMeterThread: Thread finished: Thread Group 1-113
2026-09-21 18:02:52,740 INFO o.a.j.t.JMeterThread: Thread is done: Thread Group 1-99
2026-09-21 18:02:52,740 INFO o.a.j.t.JMeterThread: Thread finished: Thread Group 1-99
2026-09-21 18:02:53,428 INFO o.a.j.t.JMeterThread: Thread started: Thread Group 1-214
2026-09-21 18:02:54,193 INFO o.a.j.t.JMeterThread: Thread is done: Thread Group 1-67
2026-09-21 18:02:54,193 INFO o.a.j.t.JMeterThread: Thread finished: Thread Group 1-67
2026-09-21 18:02:54,274 INFO o.a.j.t.JMeterThread: Thread is done: Thread Group 1-100
2026-09-21 18:02:54,274 INFO o.a.j.t.JMeterThread: Thread finished: Thread Group 1-100
2026-09-21 18:02:54,430 INFO o.a.j.t.JMeterThread: Thread started: Thread Group 1-215
2026-09-21 18:02:54,527 INFO o.a.j.t.JMeterThread: Thread is done: Thread Group 1-106
2026-09-21 18:02:54,527 INFO o.a.j.t.JMeterThread: Thread finished: Thread Group 1-106
2026-09-21 18:02:54,765 INFO o.a.j.t.JMeterThread: Thread is done: Thread Group 1-43
2026-09-21 18:02:54,765 INFO o.a.j.t.JMeterThread: Thread finished: Thread Group 1-43
2026-09-21 18:02:55,186 INFO o.a.j.t.JMeterThread: Thread is done: Thread Group 1-75
2026-09-21 18:02:55,186 INFO o.a.j.t.JMeterThread: Thread finished: Thread Group 1-75
2026-09-21 18:02:55,433 INFO o.a.j.t.JMeterThread: Thread started: Thread Group 1-216
2026-09-21 18:02:55,835 INFO o.a.j.t.JMeterThread: Thread is done: Thread Group 1-56
2026-09-21 18:02:55,835 INFO o.a.j.t.JMeterThread: Thread finished: Thread Group 1-56
2026-09-21 18:02:56,435 INFO o.a.j.t.JMeterThread: Thread started: Thread Group 1-217
2026-09-21 18:02:56,662 INFO o.a.j.t.JMeterThread: Thread is done: Thread Group 1-122
2026-09-21 18:02:56,663 INFO o.a.j.t.JMeterThread: Thread finished: Thread Group 1-122
2026-09-21 18:02:57,438 INFO o.a.j.t.JMeterThread: Thread started: Thread Group 1-218
2026-09-21 18:02:57,644 INFO o.a.j.t.JMeterThread: Thread is done: Thread Group 1-52
2026-09-21 18:02:57,644 INFO o.a.j.t.JMeterThread: Thread finished: Thread Group 1-52
2026-09-21 18:02:58,167 INFO o.a.j.t.JMeterThread: Thread is done: Thread Group 1-61
2026-09-21 18:02:58,167 INFO o.a.j.t.JMeterThread: Thread finished: Thread Group 1-61
2026-09-21 18:02:58,290 INFO o.a.j.t.JMeterThread: Thread is done: Thread Group 1-71
2026-09-21 18:02:58,290 INFO o.a.j.t.JMeterThread: Thread finished: Thread Group 1-71
2026-09-21 18:02:58,388 INFO o.a.j.t.JMeterThread: Thread is done: Thread Group 1-47
2026-09-21 18:02:58,388 INFO o.a.j.t.JMeterThread: Thread finished: Thread Group 1-47
2026-09-21 18:02:58,440 INFO o.a.j.t.JMeterThread: Thread started: Thread Group 1-219
2026-09-21 18:02:59,442 INFO o.a.j.t.JMeterThread: Thread started: Thread Group 1-220
2026-09-21 18:02:59,542 INFO o.a.j.t.JMeterThread: Thread is done: Thread Group 1-68
2026-09-21 18:02:59,542 INFO o.a.j.t.JMeterThread: Thread finished: Thread Group 1-68
2026-09-21 18:03:00,197 INFO o.a.j.r.Summariser: summary +    116 in 00:00:30 =    3.9/s Avg:  1268 Min:   515 Max:  6162 Err:     0 (0.00%) Active: 150 Started: 220 Finished: 70
2026-09-21 18:03:00,197 INFO o.a.j.r.Summariser: summary =    585 in 00:03:41 =    2.7/s Avg:  1248 Min:   500 Max: 13437 Err:     0 (0.00%)
2026-09-21 18:03:00,297 INFO o.a.j.t.JMeterThread: Thread is done: Thread Group 1-73
2026-09-21 18:03:00,297 INFO o.a.j.t.JMeterThread: Thread finished: Thread Group 1-73
2026-09-21 18:03:00,445 INFO o.a.j.t.JMeterThread: Thread started: Thread Group 1-221
2026-09-21 18:03:00,463 INFO o.a.j.t.JMeterThread: Thread is done: Thread Group 1-60
2026-09-21 18:03:00,464 INFO o.a.j.t.JMeterThread: Thread finished: Thread Group 1-60
2026-09-21 18:03:01,269 INFO o.a.j.t.JMeterThread: Thread is done: Thread Group 1-88
2026-09-21 18:03:01,270 INFO o.a.j.t.JMeterThread: Thread finished: Thread Group 1-88
2026-09-21 18:03:01,448 INFO o.a.j.t.JMeterThread: Thread started: Thread Group 1-222
2026-09-21 18:03:01,879 INFO o.a.j.t.JMeterThread: Thread is done: Thread Group 1-25
2026-09-21 18:03:01,879 INFO o.a.j.t.JMeterThread: Thread finished: Thread Group 1-25
2026-09-21 18:03:02,449 INFO o.a.j.t.JMeterThread: Thread started: Thread Group 1-223
2026-09-21 18:03:02,994 INFO o.a.j.t.JMeterThread: Thread is done: Thread Group 1-51
2026-09-21 18:03:02,994 INFO o.a.j.t.JMeterThread: Thread finished: Thread Group 1-51
2026-09-21 18:03:03,172 INFO o.a.j.t.JMeterThread: Thread is done: Thread Group 1-124
2026-09-21 18:03:03,172 INFO o.a.j.t.JMeterThread: Thread finished: Thread Group 1-124
2026-09-21 18:03:03,401 INFO o.a.j.t.JMeterThread: Thread is done: Thread Group 1-63
2026-09-21 18:03:03,401 INFO o.a.j.t.JMeterThread: Thread finished: Thread Group 1-63
2026-09-21 18:03:03,452 INFO o.a.j.t.JMeterThread: Thread started: Thread Group 1-224
2026-09-21 18:03:03,812 INFO o.a.j.t.JMeterThread: Thread is done: Thread Group 1-69
2026-09-21 18:03:03,813 INFO o.a.j.t.JMeterThread: Thread finished: Thread Group 1-69
2026-09-21 18:03:04,309 INFO o.a.j.t.JMeterThread: Thread is done: Thread Group 1-42
2026-09-21 18:03:04,310 INFO o.a.j.t.JMeterThread: Thread finished: Thread Group 1-42
2026-09-21 18:03:04,454 INFO o.a.j.t.JMeterThread: Thread started: Thread Group 1-225
2026-09-21 18:03:05,455 INFO o.a.j.t.JMeterThread: Thread started: Thread Group 1-226
2026-09-21 18:03:05,872 INFO o.a.j.t.JMeterThread: Thread is done: Thread Group 1-87
2026-09-21 18:03:05,873 INFO o.a.j.t.JMeterThread: Thread finished: Thread Group 1-87
2026-09-21 18:03:06,459 INFO o.a.j.t.JMeterThread: Thread started: Thread Group 1-227
2026-09-21 18:03:06,791 INFO o.a.j.t.JMeterThread: Thread is done: Thread Group 1-83
2026-09-21 18:03:06,791 INFO o.a.j.t.JMeterThread: Thread finished: Thread Group 1-83
2026-09-21 18:03:07,311 INFO o.a.j.t.JMeterThread: Thread is done: Thread Group 1-90
2026-09-21 18:03:07,311 INFO o.a.j.t.JMeterThread: Thread finished: Thread Group 1-90
2026-09-21 18:03:07,461 INFO o.a.j.t.JMeterThread: Thread started: Thread Group 1-228
2026-09-21 18:03:07,466 INFO o.a.j.t.JMeterThread: Thread is done: Thread Group 1-117
2026-09-21 18:03:07,466 INFO o.a.j.t.JMeterThread: Thread finished: Thread Group 1-117
2026-09-21 18:03:08,463 INFO o.a.j.t.JMeterThread: Thread started: Thread Group 1-229
2026-09-21 18:03:09,466 INFO o.a.j.t.JMeterThread: Thread started: Thread Group 1-230
2026-09-21 18:03:09,737 INFO o.a.j.t.JMeterThread: Thread is done: Thread Group 1-135
2026-09-21 18:03:09,737 INFO o.a.j.t.JMeterThread: Thread finished: Thread Group 1-135
2026-09-21 18:03:10,294 INFO o.a.j.t.JMeterThread: Thread is done: Thread Group 1-74
2026-09-21 18:03:10,294 INFO o.a.j.t.JMeterThread: Thread finished: Thread Group 1-74
2026-09-21 18:03:10,469 INFO o.a.j.t.JMeterThread: Thread started: Thread Group 1-231
2026-09-21 18:03:10,561 INFO o.a.j.t.JMeterThread: Thread is done: Thread Group 1-34
2026-09-21 18:03:10,561 INFO o.a.j.t.JMeterThread: Thread finished: Thread Group 1-34
2026-09-21 18:03:10,563 INFO o.a.j.t.JMeterThread: Thread is done: Thread Group 1-22
2026-09-21 18:03:10,563 INFO o.a.j.t.JMeterThread: Thread finished: Thread Group 1-22
2026-09-21 18:03:11,472 INFO o.a.j.t.JMeterThread: Thread started: Thread Group 1-232
2026-09-21 18:03:11,630 INFO o.a.j.t.JMeterThread: Thread is done: Thread Group 1-125
2026-09-21 18:03:11,631 INFO o.a.j.t.JMeterThread: Thread finished: Thread Group 1-125
2026-09-21 18:03:11,711 INFO o.a.j.t.JMeterThread: Thread is done: Thread Group 1-57
2026-09-21 18:03:11,711 INFO o.a.j.t.JMeterThread: Thread finished: Thread Group 1-57
2026-09-21 18:03:12,126 INFO o.a.j.t.JMeterThread: Thread is done: Thread Group 1-96
2026-09-21 18:03:12,126 INFO o.a.j.t.JMeterThread: Thread finished: Thread Group 1-96
2026-09-21 18:03:12,207 INFO o.a.j.t.JMeterThread: Thread is done: Thread Group 1-138
2026-09-21 18:03:12,208 INFO o.a.j.t.JMeterThread: Thread finished: Thread Group 1-138
2026-09-21 18:03:12,473 INFO o.a.j.t.JMeterThread: Thread started: Thread Group 1-233
2026-09-21 18:03:12,896 INFO o.a.j.t.JMeterThread: Thread is done: Thread Group 1-38
2026-09-21 18:03:12,896 INFO o.a.j.t.JMeterThread: Thread finished: Thread Group 1-38
2026-09-21 18:03:13,475 INFO o.a.j.t.JMeterThread: Thread started: Thread Group 1-234
2026-09-21 18:03:13,850 INFO o.a.j.t.JMeterThread: Thread is done: Thread Group 1-139
2026-09-21 18:03:13,850 INFO o.a.j.t.JMeterThread: Thread finished: Thread Group 1-139
2026-09-21 18:03:14,477 INFO o.a.j.t.JMeterThread: Thread started: Thread Group 1-235
2026-09-21 18:03:15,348 INFO o.a.j.t.JMeterThread: Thread is done: Thread Group 1-29
2026-09-21 18:03:15,348 INFO o.a.j.t.JMeterThread: Thread finished: Thread Group 1-29
2026-09-21 18:03:15,477 INFO o.a.j.t.JMeterThread: Thread started: Thread Group 1-236
2026-09-21 18:03:15,990 INFO o.a.j.t.JMeterThread: Thread is done: Thread Group 1-50
2026-09-21 18:03:15,990 INFO o.a.j.t.JMeterThread: Thread finished: Thread Group 1-50
2026-09-21 18:03:16,478 INFO o.a.j.t.JMeterThread: Thread started: Thread Group 1-237
2026-09-21 18:03:16,686 INFO o.a.j.t.JMeterThread: Thread is done: Thread Group 1-119
2026-09-21 18:03:16,686 INFO o.a.j.t.JMeterThread: Thread finished: Thread Group 1-119
2026-09-21 18:03:17,480 INFO o.a.j.t.JMeterThread: Thread started: Thread Group 1-238
2026-09-21 18:03:17,501 INFO o.a.j.t.JMeterThread: Thread is done: Thread Group 1-151
2026-09-21 18:03:17,501 INFO o.a.j.t.JMeterThread: Thread finished: Thread Group 1-151
2026-09-21 18:03:18,482 INFO o.a.j.t.JMeterThread: Thread started: Thread Group 1-239
2026-09-21 18:03:18,639 INFO o.a.j.t.JMeterThread: Thread is done: Thread Group 1-142
2026-09-21 18:03:18,640 INFO o.a.j.t.JMeterThread: Thread finished: Thread Group 1-142
2026-09-21 18:03:19,483 INFO o.a.j.t.JMeterThread: Thread started: Thread Group 1-240
2026-09-21 18:03:20,108 INFO o.a.j.t.JMeterThread: Thread is done: Thread Group 1-48
2026-09-21 18:03:20,109 INFO o.a.j.t.JMeterThread: Thread finished: Thread Group 1-48
2026-09-21 18:03:20,485 INFO o.a.j.t.JMeterThread: Thread started: Thread Group 1-241
2026-09-21 18:03:21,486 INFO o.a.j.t.JMeterThread: Thread started: Thread Group 1-242
2026-09-21 18:03:21,833 INFO o.a.j.t.JMeterThread: Thread is done: Thread Group 1-97
2026-09-21 18:03:21,833 INFO o.a.j.t.JMeterThread: Thread is done: Thread Group 1-76
2026-09-21 18:03:21,833 INFO o.a.j.t.JMeterThread: Thread finished: Thread Group 1-97
2026-09-21 18:03:21,833 INFO o.a.j.t.JMeterThread: Thread finished: Thread Group 1-76
2026-09-21 18:03:21,914 INFO o.a.j.t.JMeterThread: Thread is done: Thread Group 1-132
2026-09-21 18:03:21,914 INFO o.a.j.t.JMeterThread: Thread finished: Thread Group 1-132
2026-09-21 18:03:22,487 INFO o.a.j.t.JMeterThread: Thread started: Thread Group 1-243
2026-09-21 18:03:22,826 INFO o.a.j.t.JMeterThread: Thread is done: Thread Group 1-108
2026-09-21 18:03:22,827 INFO o.a.j.t.JMeterThread: Thread finished: Thread Group 1-108
2026-09-21 18:03:23,488 INFO o.a.j.t.JMeterThread: Thread started: Thread Group 1-244
2026-09-21 18:03:24,161 INFO o.a.j.t.JMeterThread: Thread is done: Thread Group 1-94
2026-09-21 18:03:24,161 INFO o.a.j.t.JMeterThread: Thread finished: Thread Group 1-94
2026-09-21 18:03:24,182 INFO o.a.j.t.JMeterThread: Thread is done: Thread Group 1-102
2026-09-21 18:03:24,183 INFO o.a.j.t.JMeterThread: Thread finished: Thread Group 1-102
2026-09-21 18:03:24,301 INFO o.a.j.t.JMeterThread: Thread is done: Thread Group 1-72
2026-09-21 18:03:24,301 INFO o.a.j.t.JMeterThread: Thread finished: Thread Group 1-72
2026-09-21 18:03:24,489 INFO o.a.j.t.JMeterThread: Thread started: Thread Group 1-245
2026-09-21 18:03:25,490 INFO o.a.j.t.JMeterThread: Thread started: Thread Group 1-246
2026-09-21 18:03:25,825 INFO o.a.j.t.JMeterThread: Thread is done: Thread Group 1-140
2026-09-21 18:03:25,825 INFO o.a.j.t.JMeterThread: Thread finished: Thread Group 1-140
2026-09-21 18:03:26,028 INFO o.a.j.t.JMeterThread: Thread is done: Thread Group 1-127
2026-09-21 18:03:26,028 INFO o.a.j.t.JMeterThread: Thread finished: Thread Group 1-127
2026-09-21 18:03:26,492 INFO o.a.j.t.JMeterThread: Thread started: Thread Group 1-247
2026-09-21 18:03:27,493 INFO o.a.j.t.JMeterThread: Thread started: Thread Group 1-248
2026-09-21 18:03:28,493 INFO o.a.j.t.JMeterThread: Thread started: Thread Group 1-249
2026-09-21 18:03:29,426 INFO o.a.j.t.JMeterThread: Thread is done: Thread Group 1-65
2026-09-21 18:03:29,426 INFO o.a.j.t.JMeterThread: Thread finished: Thread Group 1-65
2026-09-21 18:03:29,495 INFO o.a.j.t.JMeterThread: Thread started: Thread Group 1-250
2026-09-21 18:03:30,061 INFO o.a.j.r.Summariser: summary +    129 in 00:00:30 =    4.3/s Avg:  1249 Min:   560 Max:  3023 Err:     0 (0.00%) Active: 141 Started: 250 Finished: 109
2026-09-21 18:03:30,061 INFO o.a.j.r.Summariser: summary =    714 in 00:04:11 =    2.8/s Avg:  1248 Min:   500 Max: 13437 Err:     0 (0.00%)
2026-09-21 18:03:30,496 INFO o.a.j.t.JMeterThread: Thread started: Thread Group 1-251
2026-09-21 18:03:31,223 INFO o.a.j.t.JMeterThread: Thread is done: Thread Group 1-115
2026-09-21 18:03:31,223 INFO o.a.j.t.JMeterThread: Thread finished: Thread Group 1-115
2026-09-21 18:03:31,498 INFO o.a.j.t.JMeterThread: Thread started: Thread Group 1-252
2026-09-21 18:03:31,667 INFO o.a.j.t.JMeterThread: Thread is done: Thread Group 1-112
2026-09-21 18:03:31,667 INFO o.a.j.t.JMeterThread: Thread finished: Thread Group 1-112
2026-09-21 18:03:32,142 INFO o.a.j.t.JMeterThread: Thread is done: Thread Group 1-128
2026-09-21 18:03:32,142 INFO o.a.j.t.JMeterThread: Thread finished: Thread Group 1-128
2026-09-21 18:03:32,197 INFO o.a.j.t.JMeterThread: Thread is done: Thread Group 1-101
2026-09-21 18:03:32,197 INFO o.a.j.t.JMeterThread: Thread finished: Thread Group 1-101
2026-09-21 18:03:32,498 INFO o.a.j.t.JMeterThread: Thread started: Thread Group 1-253
2026-09-21 18:03:33,500 INFO o.a.j.t.JMeterThread: Thread started: Thread Group 1-254
2026-09-21 18:03:34,501 INFO o.a.j.t.JMeterThread: Thread started: Thread Group 1-255
2026-09-21 18:03:35,503 INFO o.a.j.t.JMeterThread: Thread started: Thread Group 1-256
2026-09-21 18:03:35,994 INFO o.a.j.t.JMeterThread: Thread is done: Thread Group 1-78
2026-09-21 18:03:35,994 INFO o.a.j.t.JMeterThread: Thread finished: Thread Group 1-78
2026-09-21 18:03:36,506 INFO o.a.j.t.JMeterThread: Thread started: Thread Group 1-257
2026-09-21 18:03:36,719 INFO o.a.j.t.JMeterThread: Thread is done: Thread Group 1-158
2026-09-21 18:03:36,721 INFO o.a.j.t.JMeterThread: Thread finished: Thread Group 1-158
2026-09-21 18:03:37,508 INFO o.a.j.t.JMeterThread: Thread started: Thread Group 1-258
2026-09-21 18:03:38,230 INFO o.a.j.t.JMeterThread: Thread is done: Thread Group 1-166
2026-09-21 18:03:38,230 INFO o.a.j.t.JMeterThread: Thread finished: Thread Group 1-166
2026-09-21 18:03:38,510 INFO o.a.j.t.JMeterThread: Thread started: Thread Group 1-259
2026-09-21 18:03:39,511 INFO o.a.j.t.JMeterThread: Thread started: Thread Group 1-260
2026-09-21 18:03:39,779 INFO o.a.j.t.JMeterThread: Thread is done: Thread Group 1-126
2026-09-21 18:03:39,779 INFO o.a.j.t.JMeterThread: Thread finished: Thread Group 1-126
2026-09-21 18:03:40,513 INFO o.a.j.t.JMeterThread: Thread started: Thread Group 1-261
2026-09-21 18:03:40,670 INFO o.a.j.t.JMeterThread: Thread is done: Thread Group 1-170
2026-09-21 18:03:40,670 INFO o.a.j.t.JMeterThread: Thread finished: Thread Group 1-170
2026-09-21 18:03:41,408 INFO o.a.j.t.JMeterThread: Thread is done: Thread Group 1-169
2026-09-21 18:03:41,408 INFO o.a.j.t.JMeterThread: Thread finished: Thread Group 1-169
2026-09-21 18:03:41,513 INFO o.a.j.t.JMeterThread: Thread started: Thread Group 1-262
2026-09-21 18:03:42,179 INFO o.a.j.t.JMeterThread: Thread is done: Thread Group 1-148
2026-09-21 18:03:42,179 INFO o.a.j.t.JMeterThread: Thread finished: Thread Group 1-148
2026-09-21 18:03:42,451 INFO o.a.j.t.JMeterThread: Thread is done: Thread Group 1-79
2026-09-21 18:03:42,451 INFO o.a.j.t.JMeterThread: Thread finished: Thread Group 1-79
2026-09-21 18:03:42,515 INFO o.a.j.t.JMeterThread: Thread started: Thread Group 1-263
2026-09-21 18:03:43,157 INFO o.a.j.t.JMeterThread: Thread is done: Thread Group 1-70
2026-09-21 18:03:43,158 INFO o.a.j.t.JMeterThread: Thread finished: Thread Group 1-70
2026-09-21 18:03:43,410 INFO o.a.j.t.JMeterThread: Thread is done: Thread Group 1-118
2026-09-21 18:03:43,410 INFO o.a.j.t.JMeterThread: Thread finished: Thread Group 1-118
2026-09-21 18:03:43,517 INFO o.a.j.t.JMeterThread: Thread started: Thread Group 1-264
2026-09-21 18:03:44,519 INFO o.a.j.t.JMeterThread: Thread started: Thread Group 1-265
2026-09-21 18:03:45,502 INFO o.a.j.t.JMeterThread: Thread is done: Thread Group 1-185
2026-09-21 18:03:45,502 INFO o.a.j.t.JMeterThread: Thread finished: Thread Group 1-185
2026-09-21 18:03:45,518 INFO o.a.j.t.JMeterThread: Thread started: Thread Group 1-266
2026-09-21 18:03:45,785 INFO o.a.j.t.JMeterThread: Thread is done: Thread Group 1-105
2026-09-21 18:03:45,785 INFO o.a.j.t.JMeterThread: Thread finished: Thread Group 1-105
2026-09-21 18:03:46,019 INFO o.a.j.t.JMeterThread: Thread is done: Thread Group 1-141
2026-09-21 18:03:46,020 INFO o.a.j.t.JMeterThread: Thread finished: Thread Group 1-141
2026-09-21 18:03:46,427 INFO o.a.j.t.JMeterThread: Thread is done: Thread Group 1-84
2026-09-21 18:03:46,427 INFO o.a.j.t.JMeterThread: Thread finished: Thread Group 1-84
2026-09-21 18:03:46,518 INFO o.a.j.t.JMeterThread: Thread started: Thread Group 1-267
2026-09-21 18:03:47,519 INFO o.a.j.t.JMeterThread: Thread started: Thread Group 1-268
2026-09-21 18:03:47,744 INFO o.a.j.t.JMeterThread: Thread is done: Thread Group 1-155
2026-09-21 18:03:47,744 INFO o.a.j.t.JMeterThread: Thread finished: Thread Group 1-155
2026-09-21 18:03:47,775 INFO o.a.j.t.JMeterThread: Thread is done: Thread Group 1-116
2026-09-21 18:03:47,775 INFO o.a.j.t.JMeterThread: Thread finished: Thread Group 1-116
2026-09-21 18:03:47,938 INFO o.a.j.t.JMeterThread: Thread is done: Thread Group 1-121
2026-09-21 18:03:47,938 INFO o.a.j.t.JMeterThread: Thread finished: Thread Group 1-121
2026-09-21 18:03:48,520 INFO o.a.j.t.JMeterThread: Thread started: Thread Group 1-269
2026-09-21 18:03:49,520 INFO o.a.j.t.JMeterThread: Thread started: Thread Group 1-270
2026-09-21 18:03:49,882 INFO o.a.j.t.JMeterThread: Thread is done: Thread Group 1-89
2026-09-21 18:03:49,882 INFO o.a.j.t.JMeterThread: Thread finished: Thread Group 1-89
2026-09-21 18:03:50,231 INFO o.a.j.t.JMeterThread: Thread is done: Thread Group 1-153
2026-09-21 18:03:50,231 INFO o.a.j.t.JMeterThread: Thread finished: Thread Group 1-153
2026-09-21 18:03:50,314 INFO o.a.j.t.JMeterThread: Thread is done: Thread Group 1-82
2026-09-21 18:03:50,314 INFO o.a.j.t.JMeterThread: Thread finished: Thread Group 1-82
2026-09-21 18:03:50,520 INFO o.a.j.t.JMeterThread: Thread started: Thread Group 1-271
2026-09-21 18:03:50,887 INFO o.a.j.t.JMeterThread: Thread is done: Thread Group 1-98
2026-09-21 18:03:50,887 INFO o.a.j.t.JMeterThread: Thread finished: Thread Group 1-98
2026-09-21 18:03:51,336 INFO o.a.j.t.JMeterThread: Thread is done: Thread Group 1-85
2026-09-21 18:03:51,336 INFO o.a.j.t.JMeterThread: Thread finished: Thread Group 1-85
2026-09-21 18:03:51,447 INFO o.a.j.t.JMeterThread: Thread is done: Thread Group 1-120
2026-09-21 18:03:51,447 INFO o.a.j.t.JMeterThread: Thread finished: Thread Group 1-120
2026-09-21 18:03:51,521 INFO o.a.j.t.JMeterThread: Thread started: Thread Group 1-272
2026-09-21 18:03:52,521 INFO o.a.j.t.JMeterThread: Thread started: Thread Group 1-273
2026-09-21 18:03:53,522 INFO o.a.j.t.JMeterThread: Thread started: Thread Group 1-274
2026-09-21 18:03:54,079 INFO o.a.j.t.JMeterThread: Thread is done: Thread Group 1-133
2026-09-21 18:03:54,079 INFO o.a.j.t.JMeterThread: Thread finished: Thread Group 1-133
2026-09-21 18:03:54,521 INFO o.a.j.t.JMeterThread: Thread started: Thread Group 1-275
2026-09-21 18:03:55,228 INFO o.a.j.t.JMeterThread: Thread is done: Thread Group 1-177
2026-09-21 18:03:55,228 INFO o.a.j.t.JMeterThread: Thread finished: Thread Group 1-177
2026-09-21 18:03:55,522 INFO o.a.j.t.JMeterThread: Thread started: Thread Group 1-276
2026-09-21 18:03:56,523 INFO o.a.j.t.JMeterThread: Thread started: Thread Group 1-277
2026-09-21 18:03:57,142 INFO o.a.j.t.JMeterThread: Thread is done: Thread Group 1-95
2026-09-21 18:03:57,142 INFO o.a.j.t.JMeterThread: Thread finished: Thread Group 1-95
2026-09-21 18:03:57,368 INFO o.a.j.t.JMeterThread: Thread is done: Thread Group 1-123
2026-09-21 18:03:57,368 INFO o.a.j.t.JMeterThread: Thread finished: Thread Group 1-123
2026-09-21 18:03:57,524 INFO o.a.j.t.JMeterThread: Thread started: Thread Group 1-278
2026-09-21 18:03:57,699 INFO o.a.j.t.JMeterThread: Thread is done: Thread Group 1-162
2026-09-21 18:03:57,699 INFO o.a.j.t.JMeterThread: Thread finished: Thread Group 1-162
2026-09-21 18:03:58,193 INFO o.a.j.t.JMeterThread: Thread is done: Thread Group 1-111
2026-09-21 18:03:58,193 INFO o.a.j.t.JMeterThread: Thread finished: Thread Group 1-111
2026-09-21 18:03:58,525 INFO o.a.j.t.JMeterThread: Thread started: Thread Group 1-279
2026-09-21 18:03:59,524 INFO o.a.j.t.JMeterThread: Thread started: Thread Group 1-280
2026-09-21 18:04:00,135 INFO o.a.j.r.Summariser: summary +    120 in 00:00:30 =    4.0/s Avg:  1063 Min:   479 Max:  2899 Err:     0 (0.00%) Active: 138 Started: 280 Finished: 142
2026-09-21 18:04:00,136 INFO o.a.j.r.Summariser: summary =    834 in 00:04:41 =    3.0/s Avg:  1222 Min:   479 Max: 13437 Err:     0 (0.00%)
2026-09-21 18:04:00,524 INFO o.a.j.t.JMeterThread: Thread started: Thread Group 1-281
2026-09-21 18:04:01,524 INFO o.a.j.t.JMeterThread: Thread started: Thread Group 1-282
2026-09-21 18:04:01,575 INFO o.a.j.t.JMeterThread: Thread is done: Thread Group 1-174
2026-09-21 18:04:01,575 INFO o.a.j.t.JMeterThread: Thread finished: Thread Group 1-174
2026-09-21 18:04:02,525 INFO o.a.j.t.JMeterThread: Thread started: Thread Group 1-283
2026-09-21 18:04:03,526 INFO o.a.j.t.JMeterThread: Thread started: Thread Group 1-284
2026-09-21 18:04:04,525 INFO o.a.j.t.JMeterThread: Thread started: Thread Group 1-285
2026-09-21 18:04:05,525 INFO o.a.j.t.JMeterThread: Thread started: Thread Group 1-286
2026-09-21 18:04:05,674 INFO o.a.j.t.JMeterThread: Thread is done: Thread Group 1-146
2026-09-21 18:04:05,674 INFO o.a.j.t.JMeterThread: Thread finished: Thread Group 1-146
2026-09-21 18:04:06,524 INFO o.a.j.t.JMeterThread: Thread started: Thread Group 1-287
2026-09-21 18:04:07,523 INFO o.a.j.t.JMeterThread: Thread started: Thread Group 1-288
2026-09-21 18:04:08,438 INFO o.a.j.t.JMeterThread: Thread is done: Thread Group 1-134
2026-09-21 18:04:08,438 INFO o.a.j.t.JMeterThread: Thread finished: Thread Group 1-134
2026-09-21 18:04:08,524 INFO o.a.j.t.JMeterThread: Thread started: Thread Group 1-289
2026-09-21 18:04:09,358 INFO o.a.j.t.JMeterThread: Thread is done: Thread Group 1-131
2026-09-21 18:04:09,359 INFO o.a.j.t.JMeterThread: Thread finished: Thread Group 1-131
2026-09-21 18:04:09,522 INFO o.a.j.t.JMeterThread: Thread started: Thread Group 1-290
2026-09-21 18:04:10,522 INFO o.a.j.t.JMeterThread: Thread started: Thread Group 1-291
2026-09-21 18:04:11,187 INFO o.a.j.t.JMeterThread: Thread is done: Thread Group 1-92
2026-09-21 18:04:11,187 INFO o.a.j.t.JMeterThread: Thread finished: Thread Group 1-92
2026-09-21 18:04:11,519 INFO o.a.j.t.JMeterThread: Thread started: Thread Group 1-292
2026-09-21 18:04:12,519 INFO o.a.j.t.JMeterThread: Thread started: Thread Group 1-293
2026-09-21 18:04:12,960 INFO o.a.j.t.JMeterThread: Thread is done: Thread Group 1-181
2026-09-21 18:04:12,960 INFO o.a.j.t.JMeterThread: Thread finished: Thread Group 1-181
2026-09-21 18:04:13,003 INFO o.a.j.t.JMeterThread: Thread is done: Thread Group 1-189
2026-09-21 18:04:13,003 INFO o.a.j.t.JMeterThread: Thread finished: Thread Group 1-189
2026-09-21 18:04:13,164 INFO o.a.j.t.JMeterThread: Thread is done: Thread Group 1-77
2026-09-21 18:04:13,165 INFO o.a.j.t.JMeterThread: Thread finished: Thread Group 1-77
2026-09-21 18:04:13,517 INFO o.a.j.t.JMeterThread: Thread started: Thread Group 1-294
2026-09-21 18:04:13,657 INFO o.a.j.t.JMeterThread: Thread is done: Thread Group 1-143
2026-09-21 18:04:13,657 INFO o.a.j.t.JMeterThread: Thread finished: Thread Group 1-143
2026-09-21 18:04:14,515 INFO o.a.j.t.JMeterThread: Thread started: Thread Group 1-295
2026-09-21 18:04:15,512 INFO o.a.j.t.JMeterThread: Thread started: Thread Group 1-296
2026-09-21 18:04:16,317 INFO o.a.j.t.JMeterThread: Thread is done: Thread Group 1-150
2026-09-21 18:04:16,317 INFO o.a.j.t.JMeterThread: Thread finished: Thread Group 1-150
2026-09-21 18:04:16,511 INFO o.a.j.t.JMeterThread: Thread started: Thread Group 1-297
2026-09-21 18:04:16,548 INFO o.a.j.t.JMeterThread: Thread is done: Thread Group 1-147
2026-09-21 18:04:16,548 INFO o.a.j.t.JMeterThread: Thread finished: Thread Group 1-147
2026-09-21 18:04:17,510 INFO o.a.j.t.JMeterThread: Thread started: Thread Group 1-298
2026-09-21 18:04:18,145 INFO o.a.j.t.JMeterThread: Thread is done: Thread Group 1-130
2026-09-21 18:04:18,147 INFO o.a.j.t.JMeterThread: Thread finished: Thread Group 1-130
2026-09-21 18:04:18,507 INFO o.a.j.t.JMeterThread: Thread started: Thread Group 1-299
2026-09-21 18:04:18,536 INFO o.a.j.t.JMeterThread: Thread is done: Thread Group 1-145
2026-09-21 18:04:18,536 INFO o.a.j.t.JMeterThread: Thread finished: Thread Group 1-145
2026-09-21 18:04:18,846 INFO o.a.j.t.JMeterThread: Thread is done: Thread Group 1-171
2026-09-21 18:04:18,846 INFO o.a.j.t.JMeterThread: Thread finished: Thread Group 1-171
2026-09-21 18:04:19,497 INFO o.a.j.t.JMeterThread: Thread is done: Thread Group 1-237
2026-09-21 18:04:19,497 INFO o.a.j.t.JMeterThread: Thread finished: Thread Group 1-237
2026-09-21 18:04:19,502 INFO o.a.j.t.JMeterThread: Thread started: Thread Group 1-300
2026-09-21 18:04:21,163 WARN c.h.c.r.e.LoggingCSSParseErrorHandler: [10:11] Deprecated property name '*zoom'
2026-09-21 18:04:21,164 WARN c.h.c.r.e.LoggingCSSParseErrorHandler: [15:41] Deprecated property name '*display'
2026-09-21 18:04:21,164 WARN c.h.c.r.e.LoggingCSSParseErrorHandler: [15:57] Deprecated property name '*zoom'
2026-09-21 18:04:21,165 WARN c.h.c.r.e.LoggingCSSParseErrorHandler: [26:14] Deprecated property name '*overflow'
2026-09-21 18:04:21,165 WARN c.h.c.r.e.LoggingCSSParseErrorHandler: [39:24] Deprecated property name '*zoom'
2026-09-21 18:04:21,167 WARN c.h.c.r.e.LoggingCSSParseErrorHandler: [67:23] Deprecated property name '*zoom'
2026-09-21 18:04:21,168 WARN c.h.c.r.e.LoggingCSSParseErrorHandler: [69:190] Deprecated property name '*margin-left'
2026-09-21 18:04:21,168 WARN c.h.c.r.e.LoggingCSSParseErrorHandler: [72:31] Deprecated property name '*width'
2026-09-21 18:04:21,168 WARN c.h.c.r.e.LoggingCSSParseErrorHandler: [73:45] Deprecated property name '*width'
2026-09-21 18:04:21,168 WARN c.h.c.r.e.LoggingCSSParseErrorHandler: [74:45] Deprecated property name '*width'
2026-09-21 18:04:21,168 WARN c.h.c.r.e.LoggingCSSParseErrorHandler: [75:44] Deprecated property name '*width'
2026-09-21 18:04:21,168 WARN c.h.c.r.e.LoggingCSSParseErrorHandler: [76:44] Deprecated property name '*width'
2026-09-21 18:04:21,169 WARN c.h.c.r.e.LoggingCSSParseErrorHandler: [77:44] Deprecated property name '*width'
2026-09-21 18:04:21,169 WARN c.h.c.r.e.LoggingCSSParseErrorHandler: [78:44] Deprecated property name '*width'
2026-09-21 18:04:21,169 WARN c.h.c.r.e.LoggingCSSParseErrorHandler: [79:44] Deprecated property name '*width'
2026-09-21 18:04:21,169 WARN c.h.c.r.e.LoggingCSSParseErrorHandler: [80:45] Deprecated property name '*width'
2026-09-21 18:04:21,169 WARN c.h.c.r.e.LoggingCSSParseErrorHandler: [81:45] Deprecated property name '*width'
2026-09-21 18:04:21,170 WARN c.h.c.r.e.LoggingCSSParseErrorHandler: [82:45] Deprecated property name '*width'
2026-09-21 18:04:21,170 WARN c.h.c.r.e.LoggingCSSParseErrorHandler: [83:44] Deprecated property name '*width'
2026-09-21 18:04:21,170 WARN c.h.c.r.e.LoggingCSSParseErrorHandler: [84:54] Deprecated property name '*margin-left'
2026-09-21 18:04:21,170 WARN c.h.c.r.e.LoggingCSSParseErrorHandler: [85:66] Deprecated property name '*margin-left'
2026-09-21 18:04:21,170 WARN c.h.c.r.e.LoggingCSSParseErrorHandler: [86:53] Deprecated property name '*margin-left'
2026-09-21 18:04:21,170 WARN c.h.c.r.e.LoggingCSSParseErrorHandler: [87:65] Deprecated property name '*margin-left'
2026-09-21 18:04:21,171 WARN c.h.c.r.e.LoggingCSSParseErrorHandler: [88:53] Deprecated property name '*margin-left'
2026-09-21 18:04:21,171 WARN c.h.c.r.e.LoggingCSSParseErrorHandler: [89:64] Deprecated property name '*margin-left'
2026-09-21 18:04:21,171 WARN c.h.c.r.e.LoggingCSSParseErrorHandler: [90:52] Deprecated property name '*margin-left'
2026-09-21 18:04:21,171 WARN c.h.c.r.e.LoggingCSSParseErrorHandler: [91:64] Deprecated property name '*margin-left'
2026-09-21 18:04:21,171 WARN c.h.c.r.e.LoggingCSSParseErrorHandler: [92:51] Deprecated property name '*margin-left'
2026-09-21 18:04:21,172 WARN c.h.c.r.e.LoggingCSSParseErrorHandler: [93:64] Deprecated property name '*margin-left'
2026-09-21 18:04:21,172 WARN c.h.c.r.e.LoggingCSSParseErrorHandler: [94:52] Deprecated property name '*margin-left'
2026-09-21 18:04:21,172 WARN c.h.c.r.e.LoggingCSSParseErrorHandler: [95:65] Deprecated property name '*margin-left'
2026-09-21 18:04:21,172 WARN c.h.c.r.e.LoggingCSSParseErrorHandler: [96:53] Deprecated property name '*margin-left'
2026-09-21 18:04:21,172 WARN c.h.c.r.e.LoggingCSSParseErrorHandler: [97:65] Deprecated property name '*margin-left'
2026-09-21 18:04:21,172 WARN c.h.c.r.e.LoggingCSSParseErrorHandler: [98:52] Deprecated property name '*margin-left'
2026-09-21 18:04:21,173 WARN c.h.c.r.e.LoggingCSSParseErrorHandler: [99:63] Deprecated property name '*margin-left'
2026-09-21 18:04:21,173 WARN c.h.c.r.e.LoggingCSSParseErrorHandler: [100:53] Deprecated property name '*margin-left'
2026-09-21 18:04:21,173 WARN c.h.c.r.e.LoggingCSSParseErrorHandler: [101:64] Deprecated property name '*margin-left'
2026-09-21 18:04:21,173 WARN c.h.c.r.e.LoggingCSSParseErrorHandler: [102:53] Deprecated property name '*margin-left'
2026-09-21 18:04:21,173 WARN c.h.c.r.e.LoggingCSSParseErrorHandler: [103:64] Deprecated property name '*margin-left'
2026-09-21 18:04:21,174 WARN c.h.c.r.e.LoggingCSSParseErrorHandler: [104:53] Deprecated property name '*margin-left'
2026-09-21 18:04:21,174 WARN c.h.c.r.e.LoggingCSSParseErrorHandler: [105:64] Deprecated property name '*margin-left'
2026-09-21 18:04:21,174 WARN c.h.c.r.e.LoggingCSSParseErrorHandler: [106:53] Deprecated property name '*margin-left'
2026-09-21 18:04:21,174 WARN c.h.c.r.e.LoggingCSSParseErrorHandler: [107:63] Deprecated property name '*margin-left'
2026-09-21 18:04:21,174 WARN c.h.c.r.e.LoggingCSSParseErrorHandler: [110:47] Deprecated property name '*zoom'
2026-09-21 18:04:21,174 WARN c.h.c.r.e.LoggingCSSParseErrorHandler: [112:55] Deprecated property name '*zoom'
2026-09-21 18:04:21,176 WARN c.h.c.r.e.LoggingCSSParseErrorHandler: [150:99] Deprecated property name '*display'
2026-09-21 18:04:21,176 WARN c.h.c.r.e.LoggingCSSParseErrorHandler: [150:115] Deprecated property name '*zoom'
2026-09-21 18:04:21,176 WARN c.h.c.r.e.LoggingCSSParseErrorHandler: [155:16] Deprecated property name '*zoom'
2026-09-21 18:04:21,178 WARN c.h.c.r.e.LoggingCSSParseErrorHandler: [199:67] Deprecated property name '*border-collapse'
2026-09-21 18:04:21,183 WARN c.h.c.r.e.LoggingCSSParseErrorHandler: [242:59] Deprecated property name '*margin-top'
2026-09-21 18:04:21,183 WARN c.h.c.r.e.LoggingCSSParseErrorHandler: [244:39] Deprecated property name '*margin-top'
2026-09-21 18:04:21,185 WARN c.h.c.r.e.LoggingCSSParseErrorHandler: [281:15] Deprecated property name '*zoom'
2026-09-21 18:04:21,189 WARN c.h.c.r.e.LoggingCSSParseErrorHandler: [304:127] Deprecated property name '*zoom'
2026-09-21 18:04:21,189 WARN c.h.c.r.e.LoggingCSSParseErrorHandler: [308:35] Deprecated property name '*display'
2026-09-21 18:04:21,189 WARN c.h.c.r.e.LoggingCSSParseErrorHandler: [308:51] Deprecated property name '*zoom'
2026-09-21 18:04:21,189 WARN c.h.c.r.e.LoggingCSSParseErrorHandler: [310:184] Deprecated property name '*margin-left'
2026-09-21 18:04:21,192 WARN c.h.c.r.e.LoggingCSSParseErrorHandler: [329:569] Deprecated property name '*display'
2026-09-21 18:04:21,193 WARN c.h.c.r.e.LoggingCSSParseErrorHandler: [329:585] Deprecated property name '*zoom'
2026-09-21 18:04:21,193 WARN c.h.c.r.e.LoggingCSSParseErrorHandler: [337:52] Deprecated property name '*zoom'
2026-09-21 18:04:21,193 WARN c.h.c.r.e.LoggingCSSParseErrorHandler: [340:28] Deprecated property name '*display'
2026-09-21 18:04:21,193 WARN c.h.c.r.e.LoggingCSSParseErrorHandler: [340:50] Deprecated property name '*padding-left'
2026-09-21 18:04:21,193 WARN c.h.c.r.e.LoggingCSSParseErrorHandler: [340:87] Deprecated property name '*margin-left'
2026-09-21 18:04:21,193 WARN c.h.c.r.e.LoggingCSSParseErrorHandler: [340:142] Deprecated property name '*padding-left'
2026-09-21 18:04:21,194 WARN c.h.c.r.e.LoggingCSSParseErrorHandler: [344:27] Deprecated property name '*display'
2026-09-21 18:04:21,194 WARN c.h.c.r.e.LoggingCSSParseErrorHandler: [344:43] Deprecated property name '*zoom'
2026-09-21 18:04:21,194 WARN c.h.c.r.e.LoggingCSSParseErrorHandler: [344:840] Deprecated property name '*background-color'
2026-09-21 18:04:21,194 WARN c.h.c.r.e.LoggingCSSParseErrorHandler: [344:958] Deprecated property name '*border'
2026-09-21 18:04:21,194 WARN c.h.c.r.e.LoggingCSSParseErrorHandler: [344:1063] Deprecated property name '*margin-left'
2026-09-21 18:04:21,195 WARN c.h.c.r.e.LoggingCSSParseErrorHandler: [344:1428] Deprecated property name '*background-color'
2026-09-21 18:04:21,195 WARN c.h.c.r.e.LoggingCSSParseErrorHandler: [346:18] Deprecated property name '*margin-left'
2026-09-21 18:04:21,197 WARN c.h.c.r.e.LoggingCSSParseErrorHandler: [361:676] Deprecated property name '*background-color'
2026-09-21 18:04:21,197 WARN c.h.c.r.e.LoggingCSSParseErrorHandler: [361:932] Deprecated property name '*background-color'
2026-09-21 18:04:21,197 WARN c.h.c.r.e.LoggingCSSParseErrorHandler: [363:676] Deprecated property name '*background-color'
2026-09-21 18:04:21,197 WARN c.h.c.r.e.LoggingCSSParseErrorHandler: [363:932] Deprecated property name '*background-color'
2026-09-21 18:04:21,198 WARN c.h.c.r.e.LoggingCSSParseErrorHandler: [365:675] Deprecated property name '*background-color'
2026-09-21 18:04:21,198 WARN c.h.c.r.e.LoggingCSSParseErrorHandler: [365:925] Deprecated property name '*background-color'
2026-09-21 18:04:21,199 WARN c.h.c.r.e.LoggingCSSParseErrorHandler: [367:676] Deprecated property name '*background-color'
2026-09-21 18:04:21,199 WARN c.h.c.r.e.LoggingCSSParseErrorHandler: [367:932] Deprecated property name '*background-color'
2026-09-21 18:04:21,200 WARN c.h.c.r.e.LoggingCSSParseErrorHandler: [369:673] Deprecated property name '*background-color'
2026-09-21 18:04:21,200 WARN c.h.c.r.e.LoggingCSSParseErrorHandler: [369:911] Deprecated property name '*background-color'
2026-09-21 18:04:21,200 WARN c.h.c.r.e.LoggingCSSParseErrorHandler: [371:676] Deprecated property name '*background-color'
2026-09-21 18:04:21,200 WARN c.h.c.r.e.LoggingCSSParseErrorHandler: [371:932] Deprecated property name '*background-color'
2026-09-21 18:04:21,200 WARN c.h.c.r.e.LoggingCSSParseErrorHandler: [373:37] Deprecated property name '*padding-top'
2026-09-21 18:04:21,200 WARN c.h.c.r.e.LoggingCSSParseErrorHandler: [373:54] Deprecated property name '*padding-bottom'
2026-09-21 18:04:21,200 WARN c.h.c.r.e.LoggingCSSParseErrorHandler: [374:57] Deprecated property name '*padding-top'
2026-09-21 18:04:21,200 WARN c.h.c.r.e.LoggingCSSParseErrorHandler: [374:74] Deprecated property name '*padding-bottom'
2026-09-21 18:04:21,200 WARN c.h.c.r.e.LoggingCSSParseErrorHandler: [375:57] Deprecated property name '*padding-top'
2026-09-21 18:04:21,200 WARN c.h.c.r.e.LoggingCSSParseErrorHandler: [375:74] Deprecated property name '*padding-bottom'
2026-09-21 18:04:21,201 WARN c.h.c.r.e.LoggingCSSParseErrorHandler: [376:55] Deprecated property name '*padding-top'
2026-09-21 18:04:21,201 WARN c.h.c.r.e.LoggingCSSParseErrorHandler: [376:72] Deprecated property name '*padding-bottom'
2026-09-21 18:04:21,201 WARN c.h.c.r.e.LoggingCSSParseErrorHandler: [381:80] Deprecated property name '*margin-right'
2026-09-21 18:04:21,209 WARN c.h.c.r.e.LoggingCSSParseErrorHandler: [523:51] Deprecated property name '*display'
2026-09-21 18:04:21,209 WARN c.h.c.r.e.LoggingCSSParseErrorHandler: [523:67] Deprecated property name '*zoom'
2026-09-21 18:04:21,209 WARN c.h.c.r.e.LoggingCSSParseErrorHandler: [523:128] Deprecated property name '*margin-left'
2026-09-21 18:04:21,209 WARN c.h.c.r.e.LoggingCSSParseErrorHandler: [523:170] Deprecated property name '*margin-left'
2026-09-21 18:04:21,211 WARN c.h.c.r.e.LoggingCSSParseErrorHandler: [538:415] Deprecated property name '*padding-top'
2026-09-21 18:04:21,211 WARN c.h.c.r.e.LoggingCSSParseErrorHandler: [538:432] Deprecated property name '*padding-bottom'
2026-09-21 18:04:21,211 WARN c.h.c.r.e.LoggingCSSParseErrorHandler: [539:74] Deprecated property name '*padding-top'
2026-09-21 18:04:21,211 WARN c.h.c.r.e.LoggingCSSParseErrorHandler: [539:91] Deprecated property name '*padding-bottom'
2026-09-21 18:04:21,211 WARN c.h.c.r.e.LoggingCSSParseErrorHandler: [540:40] Deprecated property name '*padding-top'
2026-09-21 18:04:21,211 WARN c.h.c.r.e.LoggingCSSParseErrorHandler: [540:57] Deprecated property name '*padding-bottom'
2026-09-21 18:04:21,212 WARN c.h.c.r.e.LoggingCSSParseErrorHandler: [541:77] Deprecated property name '*padding-top'
2026-09-21 18:04:21,212 WARN c.h.c.r.e.LoggingCSSParseErrorHandler: [541:94] Deprecated property name '*padding-bottom'
2026-09-21 18:04:21,212 WARN c.h.c.r.e.LoggingCSSParseErrorHandler: [556:42] Deprecated property name '*display'
2026-09-21 18:04:21,212 WARN c.h.c.r.e.LoggingCSSParseErrorHandler: [556:58] Deprecated property name '*zoom'
2026-09-21 18:04:21,214 WARN c.h.c.r.e.LoggingCSSParseErrorHandler: [575:20] Deprecated property name '*width'
2026-09-21 18:04:21,214 WARN c.h.c.r.e.LoggingCSSParseErrorHandler: [575:58] Deprecated property name '*margin'
2026-09-21 18:04:21,214 WARN c.h.c.r.e.LoggingCSSParseErrorHandler: [576:22] Deprecated property name '*zoom'
2026-09-21 18:04:21,215 WARN c.h.c.r.e.LoggingCSSParseErrorHandler: [606:11] Deprecated property name '*zoom'
2026-09-21 18:04:21,216 WARN c.h.c.r.e.LoggingCSSParseErrorHandler: [621:146] Deprecated property name '*border-right-color'
2026-09-21 18:04:21,216 WARN c.h.c.r.e.LoggingCSSParseErrorHandler: [625:149] Deprecated property name '*border-left-color'
2026-09-21 18:04:21,217 WARN c.h.c.r.e.LoggingCSSParseErrorHandler: [628:45] Deprecated property name '*position'
2026-09-21 18:04:21,217 WARN c.h.c.r.e.LoggingCSSParseErrorHandler: [628:64] Deprecated property name '*z-index'
2026-09-21 18:04:21,217 WARN c.h.c.r.e.LoggingCSSParseErrorHandler: [629:798] Deprecated property name '*zoom'
2026-09-21 18:04:21,217 WARN c.h.c.r.e.LoggingCSSParseErrorHandler: [639:30] Deprecated property name '*zoom'
2026-09-21 18:04:21,220 WARN c.h.c.r.e.LoggingCSSParseErrorHandler: [662:758] Deprecated property name '*background-color'
2026-09-21 18:04:21,221 WARN c.h.c.r.e.LoggingCSSParseErrorHandler: [662:1303] Deprecated property name '*background-color'
2026-09-21 18:04:21,225 WARN c.h.c.r.e.LoggingCSSParseErrorHandler: [693:691] Deprecated property name '*background-color'
2026-09-21 18:04:21,225 WARN c.h.c.r.e.LoggingCSSParseErrorHandler: [693:1037] Deprecated property name '*background-color'
2026-09-21 18:04:21,225 WARN c.h.c.r.e.LoggingCSSParseErrorHandler: [695:191] Deprecated property name '*display'
2026-09-21 18:04:21,225 WARN c.h.c.r.e.LoggingCSSParseErrorHandler: [695:207] Deprecated property name '*zoom'
2026-09-21 18:04:21,225 WARN c.h.c.r.e.LoggingCSSParseErrorHandler: [698:37] Deprecated property name '*display'
2026-09-21 18:04:21,225 WARN c.h.c.r.e.LoggingCSSParseErrorHandler: [698:53] Deprecated property name '*zoom'
2026-09-21 18:04:21,227 WARN c.h.c.r.e.LoggingCSSParseErrorHandler: [715:56] Deprecated property name '*zoom'
2026-09-21 18:04:21,227 WARN c.h.c.r.e.LoggingCSSParseErrorHandler: [723:47] Deprecated property name '*zoom'
2026-09-21 18:04:21,242 WARN c.h.c.r.e.LoggingCSSParseErrorHandler: [759:36] Deprecated property name '*overflow'
2026-09-21 18:04:21,245 WARN c.h.c.r.e.LoggingCSSParseErrorHandler: [793:167] Deprecated property name '*border'
2026-09-21 18:04:21,247 WARN c.h.c.r.e.LoggingCSSParseErrorHandler: [799:325] Deprecated property name '*zoom'
2026-09-21 18:04:21,247 WARN c.h.c.r.e.LoggingCSSParseErrorHandler: [805:18] Deprecated property name '*margin-bottom'
2026-09-21 18:04:21,247 WARN c.h.c.r.e.LoggingCSSParseErrorHandler: [809:231] Deprecated property name '*border-right-width'
2026-09-21 18:04:21,248 WARN c.h.c.r.e.LoggingCSSParseErrorHandler: [809:255] Deprecated property name '*border-bottom-width'
2026-09-21 18:04:21,248 WARN c.h.c.r.e.LoggingCSSParseErrorHandler: [810:25] Deprecated property name '*width'
2026-09-21 18:04:21,248 WARN c.h.c.r.e.LoggingCSSParseErrorHandler: [810:63] Deprecated property name '*margin'
2026-09-21 18:04:21,249 WARN c.h.c.r.e.LoggingCSSParseErrorHandler: [816:7] Deprecated property name '*z-index'
2026-09-21 18:04:21,255 WARN c.h.c.r.e.LoggingCSSParseErrorHandler: [873:2253] Deprecated property name '*zoom'
2026-09-21 18:04:21,255 WARN c.h.c.r.e.LoggingCSSParseErrorHandler: [873:3153] Deprecated property name '*zoom'
2026-09-21 18:04:21,256 WARN c.h.c.r.e.LoggingCSSParseErrorHandler: [873:3458] Deprecated property name '*margin-left'
2026-09-21 18:04:21,256 WARN c.h.c.r.e.LoggingCSSParseErrorHandler: [873:3668] Deprecated property name '*width'
2026-09-21 18:04:21,256 WARN c.h.c.r.e.LoggingCSSParseErrorHandler: [873:3740] Deprecated property name '*width'
2026-09-21 18:04:21,256 WARN c.h.c.r.e.LoggingCSSParseErrorHandler: [873:3812] Deprecated property name '*width'
2026-09-21 18:04:21,256 WARN c.h.c.r.e.LoggingCSSParseErrorHandler: [873:3883] Deprecated property name '*width'
2026-09-21 18:04:21,257 WARN c.h.c.r.e.LoggingCSSParseErrorHandler: [873:3954] Deprecated property name '*width'
2026-09-21 18:04:21,257 WARN c.h.c.r.e.LoggingCSSParseErrorHandler: [873:4025] Deprecated property name '*width'
2026-09-21 18:04:21,257 WARN c.h.c.r.e.LoggingCSSParseErrorHandler: [873:4096] Deprecated property name '*width'
2026-09-21 18:04:21,257 WARN c.h.c.r.e.LoggingCSSParseErrorHandler: [873:4167] Deprecated property name '*width'
2026-09-21 18:04:21,257 WARN c.h.c.r.e.LoggingCSSParseErrorHandler: [873:4239] Deprecated property name '*width'
2026-09-21 18:04:21,257 WARN c.h.c.r.e.LoggingCSSParseErrorHandler: [873:4310] Deprecated property name '*width'
2026-09-21 18:04:21,257 WARN c.h.c.r.e.LoggingCSSParseErrorHandler: [873:4380] Deprecated property name '*width'
2026-09-21 18:04:21,257 WARN c.h.c.r.e.LoggingCSSParseErrorHandler: [873:4452] Deprecated property name '*width'
2026-09-21 18:04:21,257 WARN c.h.c.r.e.LoggingCSSParseErrorHandler: [873:4533] Deprecated property name '*margin-left'
2026-09-21 18:04:21,258 WARN c.h.c.r.e.LoggingCSSParseErrorHandler: [873:4633] Deprecated property name '*margin-left'
2026-09-21 18:04:21,258 WARN c.h.c.r.e.LoggingCSSParseErrorHandler: [873:4719] Deprecated property name '*margin-left'
2026-09-21 18:04:21,258 WARN c.h.c.r.e.LoggingCSSParseErrorHandler: [873:4815] Deprecated property name '*margin-left'
2026-09-21 18:04:21,258 WARN c.h.c.r.e.LoggingCSSParseErrorHandler: [873:4901] Deprecated property name '*margin-left'
2026-09-21 18:04:21,258 WARN c.h.c.r.e.LoggingCSSParseErrorHandler: [873:4997] Deprecated property name '*margin-left'
2026-09-21 18:04:21,258 WARN c.h.c.r.e.LoggingCSSParseErrorHandler: [873:5081] Deprecated property name '*margin-left'
2026-09-21 18:04:21,259 WARN c.h.c.r.e.LoggingCSSParseErrorHandler: [873:5178] Deprecated property name '*margin-left'
2026-09-21 18:04:21,259 WARN c.h.c.r.e.LoggingCSSParseErrorHandler: [873:5262] Deprecated property name '*margin-left'
2026-09-21 18:04:21,259 WARN c.h.c.r.e.LoggingCSSParseErrorHandler: [873:5359] Deprecated property name '*margin-left'
2026-09-21 18:04:21,259 WARN c.h.c.r.e.LoggingCSSParseErrorHandler: [873:5444] Deprecated property name '*margin-left'
2026-09-21 18:04:21,259 WARN c.h.c.r.e.LoggingCSSParseErrorHandler: [873:5542] Deprecated property name '*margin-left'
2026-09-21 18:04:21,260 WARN c.h.c.r.e.LoggingCSSParseErrorHandler: [873:5628] Deprecated property name '*margin-left'
2026-09-21 18:04:21,260 WARN c.h.c.r.e.LoggingCSSParseErrorHandler: [873:5726] Deprecated property name '*margin-left'
2026-09-21 18:04:21,260 WARN c.h.c.r.e.LoggingCSSParseErrorHandler: [873:5811] Deprecated property name '*margin-left'
2026-09-21 18:04:21,260 WARN c.h.c.r.e.LoggingCSSParseErrorHandler: [873:5908] Deprecated property name '*margin-left'
2026-09-21 18:04:21,260 WARN c.h.c.r.e.LoggingCSSParseErrorHandler: [873:5993] Deprecated property name '*margin-left'
2026-09-21 18:04:21,260 WARN c.h.c.r.e.LoggingCSSParseErrorHandler: [873:6090] Deprecated property name '*margin-left'
2026-09-21 18:04:21,261 WARN c.h.c.r.e.LoggingCSSParseErrorHandler: [873:6175] Deprecated property name '*margin-left'
2026-09-21 18:04:21,261 WARN c.h.c.r.e.LoggingCSSParseErrorHandler: [873:6273] Deprecated property name '*margin-left'
2026-09-21 18:04:21,261 WARN c.h.c.r.e.LoggingCSSParseErrorHandler: [873:6359] Deprecated property name '*margin-left'
2026-09-21 18:04:21,261 WARN c.h.c.r.e.LoggingCSSParseErrorHandler: [873:6457] Deprecated property name '*margin-left'
2026-09-21 18:04:21,261 WARN c.h.c.r.e.LoggingCSSParseErrorHandler: [873:6542] Deprecated property name '*margin-left'
2026-09-21 18:04:21,261 WARN c.h.c.r.e.LoggingCSSParseErrorHandler: [873:6639] Deprecated property name '*margin-left'
2026-09-21 18:04:21,262 WARN c.h.c.r.e.LoggingCSSParseErrorHandler: [873:7623] Deprecated property name '*zoom'
2026-09-21 18:04:21,263 WARN c.h.c.r.e.LoggingCSSParseErrorHandler: [873:8530] Deprecated property name '*zoom'
2026-09-21 18:04:21,263 WARN c.h.c.r.e.LoggingCSSParseErrorHandler: [873:8834] Deprecated property name '*margin-left'
2026-09-21 18:04:21,264 WARN c.h.c.r.e.LoggingCSSParseErrorHandler: [873:9044] Deprecated property name '*width'
2026-09-21 18:04:21,264 WARN c.h.c.r.e.LoggingCSSParseErrorHandler: [873:9116] Deprecated property name '*width'
2026-09-21 18:04:21,264 WARN c.h.c.r.e.LoggingCSSParseErrorHandler: [873:9188] Deprecated property name '*width'
2026-09-21 18:04:21,264 WARN c.h.c.r.e.LoggingCSSParseErrorHandler: [873:9258] Deprecated property name '*width'
2026-09-21 18:04:21,264 WARN c.h.c.r.e.LoggingCSSParseErrorHandler: [873:9329] Deprecated property name '*width'
2026-09-21 18:04:21,264 WARN c.h.c.r.e.LoggingCSSParseErrorHandler: [873:9400] Deprecated property name '*width'
2026-09-21 18:04:21,265 WARN c.h.c.r.e.LoggingCSSParseErrorHandler: [873:9472] Deprecated property name '*width'
2026-09-21 18:04:21,265 WARN c.h.c.r.e.LoggingCSSParseErrorHandler: [873:9544] Deprecated property name '*width'
2026-09-21 18:04:21,265 WARN c.h.c.r.e.LoggingCSSParseErrorHandler: [873:9616] Deprecated property name '*width'
2026-09-21 18:04:21,265 WARN c.h.c.r.e.LoggingCSSParseErrorHandler: [873:9689] Deprecated property name '*width'
2026-09-21 18:04:21,265 WARN c.h.c.r.e.LoggingCSSParseErrorHandler: [873:9761] Deprecated property name '*width'
2026-09-21 18:04:21,265 WARN c.h.c.r.e.LoggingCSSParseErrorHandler: [873:9833] Deprecated property name '*width'
2026-09-21 18:04:21,265 WARN c.h.c.r.e.LoggingCSSParseErrorHandler: [873:9914] Deprecated property name '*margin-left'
2026-09-21 18:04:21,265 WARN c.h.c.r.e.LoggingCSSParseErrorHandler: [873:10014] Deprecated property name '*margin-left'
2026-09-21 18:04:21,265 WARN c.h.c.r.e.LoggingCSSParseErrorHandler: [873:10101] Deprecated property name '*margin-left'
2026-09-21 18:04:21,267 WARN c.h.c.r.e.LoggingCSSParseErrorHandler: [873:10199] Deprecated property name '*margin-left'
2026-09-21 18:04:21,267 WARN c.h.c.r.e.LoggingCSSParseErrorHandler: [873:10285] Deprecated property name '*margin-left'
2026-09-21 18:04:21,267 WARN c.h.c.r.e.LoggingCSSParseErrorHandler: [873:10383] Deprecated property name '*margin-left'
2026-09-21 18:04:21,267 WARN c.h.c.r.e.LoggingCSSParseErrorHandler: [873:10468] Deprecated property name '*margin-left'
2026-09-21 18:04:21,267 WARN c.h.c.r.e.LoggingCSSParseErrorHandler: [873:10565] Deprecated property name '*margin-left'
2026-09-21 18:04:21,267 WARN c.h.c.r.e.LoggingCSSParseErrorHandler: [873:10650] Deprecated property name '*margin-left'
2026-09-21 18:04:21,267 WARN c.h.c.r.e.LoggingCSSParseErrorHandler: [873:10747] Deprecated property name '*margin-left'
2026-09-21 18:04:21,267 WARN c.h.c.r.e.LoggingCSSParseErrorHandler: [873:10833] Deprecated property name '*margin-left'
2026-09-21 18:04:21,268 WARN c.h.c.r.e.LoggingCSSParseErrorHandler: [873:10930] Deprecated property name '*margin-left'
2026-09-21 18:04:21,268 WARN c.h.c.r.e.LoggingCSSParseErrorHandler: [873:11015] Deprecated property name '*margin-left'
2026-09-21 18:04:21,268 WARN c.h.c.r.e.LoggingCSSParseErrorHandler: [873:11113] Deprecated property name '*margin-left'
2026-09-21 18:04:21,268 WARN c.h.c.r.e.LoggingCSSParseErrorHandler: [873:11200] Deprecated property name '*margin-left'
2026-09-21 18:04:21,268 WARN c.h.c.r.e.LoggingCSSParseErrorHandler: [873:11296] Deprecated property name '*margin-left'
2026-09-21 18:04:21,268 WARN c.h.c.r.e.LoggingCSSParseErrorHandler: [873:11381] Deprecated property name '*margin-left'
2026-09-21 18:04:21,269 WARN c.h.c.r.e.LoggingCSSParseErrorHandler: [873:11479] Deprecated property name '*margin-left'
2026-09-21 18:04:21,269 WARN c.h.c.r.e.LoggingCSSParseErrorHandler: [873:11566] Deprecated property name '*margin-left'
2026-09-21 18:04:21,269 WARN c.h.c.r.e.LoggingCSSParseErrorHandler: [873:11663] Deprecated property name '*margin-left'
2026-09-21 18:04:21,269 WARN c.h.c.r.e.LoggingCSSParseErrorHandler: [873:11748] Deprecated property name '*margin-left'
2026-09-21 18:04:21,269 WARN c.h.c.r.e.LoggingCSSParseErrorHandler: [873:11847] Deprecated property name '*margin-left'
2026-09-21 18:04:21,269 WARN c.h.c.r.e.LoggingCSSParseErrorHandler: [873:11932] Deprecated property name '*margin-left'
2026-09-21 18:04:21,270 WARN c.h.c.r.e.LoggingCSSParseErrorHandler: [873:12030] Deprecated property name '*margin-left'
2026-09-21 18:04:23,154 INFO o.a.j.t.JMeterThread: Thread is done: Thread Group 1-201
2026-09-21 18:04:23,154 INFO o.a.j.t.JMeterThread: Thread finished: Thread Group 1-201
2026-09-21 18:04:23,552 INFO o.a.j.t.JMeterThread: Thread is done: Thread Group 1-91
2026-09-21 18:04:23,552 INFO o.a.j.t.JMeterThread: Thread finished: Thread Group 1-91
2026-09-21 18:04:24,029 INFO o.a.j.t.JMeterThread: Thread is done: Thread Group 1-222
2026-09-21 18:04:24,029 INFO o.a.j.t.JMeterThread: Thread finished: Thread Group 1-222
2026-09-21 18:04:24,099 INFO o.a.j.t.JMeterThread: Thread is done: Thread Group 1-129
2026-09-21 18:04:24,100 INFO o.a.j.t.JMeterThread: Thread finished: Thread Group 1-129
2026-09-21 18:04:25,668 INFO o.a.j.t.JMeterThread: Thread is done: Thread Group 1-194
2026-09-21 18:04:25,668 INFO o.a.j.t.JMeterThread: Thread finished: Thread Group 1-194
2026-09-21 18:04:26,419 INFO o.a.j.t.JMeterThread: Thread is done: Thread Group 1-165
2026-09-21 18:04:26,419 INFO o.a.j.t.JMeterThread: Thread finished: Thread Group 1-165
2026-09-21 18:04:28,165 INFO o.a.j.t.JMeterThread: Thread is done: Thread Group 1-187
2026-09-21 18:04:28,166 INFO o.a.j.t.JMeterThread: Thread finished: Thread Group 1-187
2026-09-21 18:04:28,210 INFO o.a.j.t.JMeterThread: Thread is done: Thread Group 1-200
2026-09-21 18:04:28,210 INFO o.a.j.t.JMeterThread: Thread finished: Thread Group 1-200
2026-09-21 18:04:30,773 INFO o.a.j.r.Summariser: summary +     97 in 00:00:31 =    3.2/s Avg:  1246 Min:   544 Max:  3400 Err:     0 (0.00%) Active: 135 Started: 300 Finished: 165
2026-09-21 18:04:30,773 INFO o.a.j.r.Summariser: summary =    931 in 00:05:11 =    3.0/s Avg:  1224 Min:   479 Max: 13437 Err:     0 (0.00%)
2026-09-21 18:04:33,644 INFO o.a.j.t.JMeterThread: Thread is done: Thread Group 1-163
2026-09-21 18:04:33,645 INFO o.a.j.t.JMeterThread: Thread finished: Thread Group 1-163
2026-09-21 18:04:34,550 INFO o.a.j.t.JMeterThread: Thread is done: Thread Group 1-235
2026-09-21 18:04:34,550 INFO o.a.j.t.JMeterThread: Thread finished: Thread Group 1-235
2026-09-21 18:04:35,385 INFO o.a.j.t.JMeterThread: Thread is done: Thread Group 1-103
2026-09-21 18:04:35,385 INFO o.a.j.t.JMeterThread: Thread finished: Thread Group 1-103
2026-09-21 18:04:35,782 INFO o.a.j.t.JMeterThread: Thread is done: Thread Group 1-172
2026-09-21 18:04:35,782 INFO o.a.j.t.JMeterThread: Thread finished: Thread Group 1-172
2026-09-21 18:04:36,965 INFO o.a.j.t.JMeterThread: Thread is done: Thread Group 1-210
2026-09-21 18:04:36,965 INFO o.a.j.t.JMeterThread: Thread finished: Thread Group 1-210
2026-09-21 18:04:38,052 INFO o.a.j.t.JMeterThread: Thread is done: Thread Group 1-156
2026-09-21 18:04:38,052 INFO o.a.j.t.JMeterThread: Thread finished: Thread Group 1-156
2026-09-21 18:04:39,584 INFO o.a.j.t.JMeterThread: Thread is done: Thread Group 1-104
2026-09-21 18:04:39,584 INFO o.a.j.t.JMeterThread: Thread finished: Thread Group 1-104
2026-09-21 18:04:39,835 INFO o.a.j.t.JMeterThread: Thread is done: Thread Group 1-178
2026-09-21 18:04:39,845 INFO o.a.j.t.JMeterThread: Thread finished: Thread Group 1-178
2026-09-21 18:04:41,885 INFO o.a.j.t.JMeterThread: Thread is done: Thread Group 1-160
2026-09-21 18:04:41,886 INFO o.a.j.t.JMeterThread: Thread finished: Thread Group 1-160
2026-09-21 18:04:42,292 INFO o.a.j.t.JMeterThread: Thread is done: Thread Group 1-152
2026-09-21 18:04:42,292 INFO o.a.j.t.JMeterThread: Thread finished: Thread Group 1-152
2026-09-21 18:04:44,859 INFO o.a.j.t.JMeterThread: Thread is done: Thread Group 1-198
2026-09-21 18:04:44,859 INFO o.a.j.t.JMeterThread: Thread finished: Thread Group 1-198
2026-09-21 18:04:45,259 INFO o.a.j.t.JMeterThread: Thread is done: Thread Group 1-144
2026-09-21 18:04:45,259 INFO o.a.j.t.JMeterThread: Thread finished: Thread Group 1-144
2026-09-21 18:04:46,765 INFO o.a.j.t.JMeterThread: Thread is done: Thread Group 1-179
2026-09-21 18:04:46,765 INFO o.a.j.t.JMeterThread: Thread finished: Thread Group 1-179
2026-09-21 18:04:47,169 INFO o.a.j.t.JMeterThread: Thread is done: Thread Group 1-203
2026-09-21 18:04:47,169 INFO o.a.j.t.JMeterThread: Thread finished: Thread Group 1-203
2026-09-21 18:04:48,179 INFO o.a.j.t.JMeterThread: Thread is done: Thread Group 1-225
2026-09-21 18:04:48,180 INFO o.a.j.t.JMeterThread: Thread finished: Thread Group 1-225
2026-09-21 18:04:48,873 INFO o.a.j.t.JMeterThread: Thread is done: Thread Group 1-137
2026-09-21 18:04:48,873 INFO o.a.j.t.JMeterThread: Thread finished: Thread Group 1-137
2026-09-21 18:04:49,891 INFO o.a.j.t.JMeterThread: Thread is done: Thread Group 1-186
2026-09-21 18:04:49,891 INFO o.a.j.t.JMeterThread: Thread finished: Thread Group 1-186
2026-09-21 18:04:52,432 INFO o.a.j.t.JMeterThread: Thread is done: Thread Group 1-182
2026-09-21 18:04:52,432 INFO o.a.j.t.JMeterThread: Thread is done: Thread Group 1-136
2026-09-21 18:04:52,432 INFO o.a.j.t.JMeterThread: Thread finished: Thread Group 1-182
2026-09-21 18:04:52,432 INFO o.a.j.t.JMeterThread: Thread finished: Thread Group 1-136
2026-09-21 18:04:53,974 INFO o.a.j.t.JMeterThread: Thread is done: Thread Group 1-212
2026-09-21 18:04:53,974 INFO o.a.j.t.JMeterThread: Thread finished: Thread Group 1-212
2026-09-21 18:04:54,902 INFO o.a.j.t.JMeterThread: Thread is done: Thread Group 1-154
2026-09-21 18:04:54,902 INFO o.a.j.t.JMeterThread: Thread finished: Thread Group 1-154
2026-09-21 18:04:55,540 INFO o.a.j.t.JMeterThread: Thread is done: Thread Group 1-176
2026-09-21 18:04:55,540 INFO o.a.j.t.JMeterThread: Thread finished: Thread Group 1-176
2026-09-21 18:04:56,759 INFO o.a.j.t.JMeterThread: Thread is done: Thread Group 1-195
2026-09-21 18:04:56,759 INFO o.a.j.t.JMeterThread: Thread finished: Thread Group 1-195
2026-09-21 18:05:00,212 INFO o.a.j.r.Summariser: summary +     79 in 00:00:29 =    2.7/s Avg:   851 Min:   509 Max:  1849 Err:     0 (0.00%) Active: 112 Started: 300 Finished: 188
2026-09-21 18:05:00,212 INFO o.a.j.r.Summariser: summary =   1010 in 00:05:41 =    3.0/s Avg:  1195 Min:   479 Max: 13437 Err:     0 (0.00%)
2026-09-21 18:05:00,213 INFO o.a.j.t.JMeterThread: Thread is done: Thread Group 1-192
2026-09-21 18:05:00,213 INFO o.a.j.t.JMeterThread: Thread finished: Thread Group 1-192
2026-09-21 18:05:00,796 INFO o.a.j.t.JMeterThread: Thread is done: Thread Group 1-188
2026-09-21 18:05:00,796 INFO o.a.j.t.JMeterThread: Thread finished: Thread Group 1-188
2026-09-21 18:05:01,612 INFO o.a.j.t.JMeterThread: Thread is done: Thread Group 1-164
2026-09-21 18:05:01,612 INFO o.a.j.t.JMeterThread: Thread finished: Thread Group 1-164
2026-09-21 18:05:02,433 INFO o.a.j.t.JMeterThread: Thread is done: Thread Group 1-214
2026-09-21 18:05:02,433 INFO o.a.j.t.JMeterThread: Thread is done: Thread Group 1-229
2026-09-21 18:05:02,433 INFO o.a.j.t.JMeterThread: Thread finished: Thread Group 1-214
2026-09-21 18:05:02,433 INFO o.a.j.t.JMeterThread: Thread finished: Thread Group 1-229
2026-09-21 18:05:04,377 INFO o.a.j.t.JMeterThread: Thread is done: Thread Group 1-208
2026-09-21 18:05:04,377 INFO o.a.j.t.JMeterThread: Thread finished: Thread Group 1-208
2026-09-21 18:05:04,442 INFO o.a.j.t.JMeterThread: Thread is done: Thread Group 1-159
2026-09-21 18:05:04,442 INFO o.a.j.t.JMeterThread: Thread finished: Thread Group 1-159
2026-09-21 18:05:04,963 INFO o.a.j.t.JMeterThread: Thread is done: Thread Group 1-250
2026-09-21 18:05:04,963 INFO o.a.j.t.JMeterThread: Thread finished: Thread Group 1-250
2026-09-21 18:05:05,189 INFO o.a.j.t.JMeterThread: Thread is done: Thread Group 1-168
2026-09-21 18:05:05,189 INFO o.a.j.t.JMeterThread: Thread finished: Thread Group 1-168
2026-09-21 18:05:05,812 INFO o.a.j.t.JMeterThread: Thread is done: Thread Group 1-157
2026-09-21 18:05:05,812 INFO o.a.j.t.JMeterThread: Thread finished: Thread Group 1-157
2026-09-21 18:05:06,309 INFO o.a.j.t.JMeterThread: Thread is done: Thread Group 1-149
2026-09-21 18:05:06,309 INFO o.a.j.t.JMeterThread: Thread finished: Thread Group 1-149
2026-09-21 18:05:06,381 INFO o.a.j.t.JMeterThread: Thread is done: Thread Group 1-223
2026-09-21 18:05:06,381 INFO o.a.j.t.JMeterThread: Thread finished: Thread Group 1-223
2026-09-21 18:05:07,630 INFO o.a.j.t.JMeterThread: Thread is done: Thread Group 1-173
2026-09-21 18:05:07,630 INFO o.a.j.t.JMeterThread: Thread finished: Thread Group 1-173
2026-09-21 18:05:08,849 INFO o.a.j.t.JMeterThread: Thread is done: Thread Group 1-202
2026-09-21 18:05:08,849 INFO o.a.j.t.JMeterThread: Thread finished: Thread Group 1-202
2026-09-21 18:05:13,387 INFO o.a.j.t.JMeterThread: Thread is done: Thread Group 1-224
2026-09-21 18:05:13,387 INFO o.a.j.t.JMeterThread: Thread finished: Thread Group 1-224
2026-09-21 18:05:14,961 INFO o.a.j.t.JMeterThread: Thread is done: Thread Group 1-191
2026-09-21 18:05:14,961 INFO o.a.j.t.JMeterThread: Thread finished: Thread Group 1-191
2026-09-21 18:05:16,337 INFO o.a.j.t.JMeterThread: Thread is done: Thread Group 1-220
2026-09-21 18:05:16,337 INFO o.a.j.t.JMeterThread: Thread finished: Thread Group 1-220
2026-09-21 18:05:16,447 INFO o.a.j.t.JMeterThread: Thread is done: Thread Group 1-161
2026-09-21 18:05:16,447 INFO o.a.j.t.JMeterThread: Thread finished: Thread Group 1-161
2026-09-21 18:05:16,863 INFO o.a.j.t.JMeterThread: Thread is done: Thread Group 1-215
2026-09-21 18:05:16,863 INFO o.a.j.t.JMeterThread: Thread finished: Thread Group 1-215
2026-09-21 18:05:17,016 INFO o.a.j.t.JMeterThread: Thread is done: Thread Group 1-190
2026-09-21 18:05:17,016 INFO o.a.j.t.JMeterThread: Thread finished: Thread Group 1-190
2026-09-21 18:05:18,163 INFO o.a.j.t.JMeterThread: Thread is done: Thread Group 1-213
2026-09-21 18:05:18,163 INFO o.a.j.t.JMeterThread: Thread finished: Thread Group 1-213
2026-09-21 18:05:19,154 INFO o.a.j.t.JMeterThread: Thread is done: Thread Group 1-199
2026-09-21 18:05:19,154 INFO o.a.j.t.JMeterThread: Thread finished: Thread Group 1-199
2026-09-21 18:05:19,191 INFO o.a.j.t.JMeterThread: Thread is done: Thread Group 1-175
2026-09-21 18:05:19,191 INFO o.a.j.t.JMeterThread: Thread finished: Thread Group 1-175
2026-09-21 18:05:19,978 INFO o.a.j.t.JMeterThread: Thread is done: Thread Group 1-240
2026-09-21 18:05:19,978 INFO o.a.j.t.JMeterThread: Thread finished: Thread Group 1-240
2026-09-21 18:05:20,008 INFO o.a.j.t.JMeterThread: Thread is done: Thread Group 1-167
2026-09-21 18:05:20,008 INFO o.a.j.t.JMeterThread: Thread finished: Thread Group 1-167
2026-09-21 18:05:20,122 INFO o.a.j.t.JMeterThread: Thread is done: Thread Group 1-248
2026-09-21 18:05:20,122 INFO o.a.j.t.JMeterThread: Thread finished: Thread Group 1-248
2026-09-21 18:05:20,388 INFO o.a.j.t.JMeterThread: Thread is done: Thread Group 1-216
2026-09-21 18:05:20,388 INFO o.a.j.t.JMeterThread: Thread finished: Thread Group 1-216
2026-09-21 18:05:22,185 INFO o.a.j.t.JMeterThread: Thread is done: Thread Group 1-271
2026-09-21 18:05:22,185 INFO o.a.j.t.JMeterThread: Thread finished: Thread Group 1-271
2026-09-21 18:05:22,262 INFO o.a.j.t.JMeterThread: Thread is done: Thread Group 1-246
2026-09-21 18:05:22,262 INFO o.a.j.t.JMeterThread: Thread finished: Thread Group 1-246
2026-09-21 18:05:22,588 INFO o.a.j.t.JMeterThread: Thread is done: Thread Group 1-204
2026-09-21 18:05:22,588 INFO o.a.j.t.JMeterThread: Thread finished: Thread Group 1-204
2026-09-21 18:05:23,357 INFO o.a.j.t.JMeterThread: Thread is done: Thread Group 1-233
2026-09-21 18:05:23,358 INFO o.a.j.t.JMeterThread: Thread finished: Thread Group 1-233
2026-09-21 18:05:26,044 INFO o.a.j.t.JMeterThread: Thread is done: Thread Group 1-238
2026-09-21 18:05:26,045 INFO o.a.j.t.JMeterThread: Thread finished: Thread Group 1-238
2026-09-21 18:05:26,635 INFO o.a.j.t.JMeterThread: Thread is done: Thread Group 1-265
2026-09-21 18:05:26,635 INFO o.a.j.t.JMeterThread: Thread finished: Thread Group 1-265
2026-09-21 18:05:28,187 INFO o.a.j.t.JMeterThread: Thread is done: Thread Group 1-252
2026-09-21 18:05:28,187 INFO o.a.j.t.JMeterThread: Thread finished: Thread Group 1-252
2026-09-21 18:05:29,337 INFO o.a.j.t.JMeterThread: Thread is done: Thread Group 1-231
2026-09-21 18:05:29,337 INFO o.a.j.t.JMeterThread: Thread finished: Thread Group 1-231
2026-09-21 18:05:30,018 INFO o.a.j.t.JMeterThread: Thread is done: Thread Group 1-284
2026-09-21 18:05:30,018 INFO o.a.j.r.Summariser: summary +     69 in 00:00:30 =    2.3/s Avg:   924 Min:   510 Max:  2271 Err:     0 (0.00%) Active: 77 Started: 300 Finished: 223
2026-09-21 18:05:30,018 INFO o.a.j.t.JMeterThread: Thread finished: Thread Group 1-284
2026-09-21 18:05:30,018 INFO o.a.j.r.Summariser: summary =   1079 in 00:06:11 =    2.9/s Avg:  1178 Min:   479 Max: 13437 Err:     0 (0.00%)
2026-09-21 18:05:30,156 INFO o.a.j.t.JMeterThread: Thread is done: Thread Group 1-243
2026-09-21 18:05:30,157 INFO o.a.j.t.JMeterThread: Thread finished: Thread Group 1-243
2026-09-21 18:05:30,157 INFO o.a.j.t.JMeterThread: Thread is done: Thread Group 1-247
2026-09-21 18:05:30,157 INFO o.a.j.t.JMeterThread: Thread finished: Thread Group 1-247
2026-09-21 18:05:31,648 INFO o.a.j.t.JMeterThread: Thread is done: Thread Group 1-242
2026-09-21 18:05:31,648 INFO o.a.j.t.JMeterThread: Thread finished: Thread Group 1-242
2026-09-21 18:05:33,038 INFO o.a.j.t.JMeterThread: Thread is done: Thread Group 1-260
2026-09-21 18:05:33,038 INFO o.a.j.t.JMeterThread: Thread finished: Thread Group 1-260
2026-09-21 18:05:33,940 INFO o.a.j.t.JMeterThread: Thread is done: Thread Group 1-239
2026-09-21 18:05:33,940 INFO o.a.j.t.JMeterThread: Thread finished: Thread Group 1-239
2026-09-21 18:05:34,860 INFO o.a.j.t.JMeterThread: Thread is done: Thread Group 1-218
2026-09-21 18:05:34,861 INFO o.a.j.t.JMeterThread: Thread finished: Thread Group 1-218
2026-09-21 18:05:34,941 INFO o.a.j.t.JMeterThread: Thread is done: Thread Group 1-255
2026-09-21 18:05:34,941 INFO o.a.j.t.JMeterThread: Thread finished: Thread Group 1-255
2026-09-21 18:05:37,230 INFO o.a.j.t.JMeterThread: Thread is done: Thread Group 1-206
2026-09-21 18:05:37,230 INFO o.a.j.t.JMeterThread: Thread finished: Thread Group 1-206
2026-09-21 18:05:38,270 INFO o.a.j.t.JMeterThread: Thread is done: Thread Group 1-196
2026-09-21 18:05:38,270 INFO o.a.j.t.JMeterThread: Thread finished: Thread Group 1-196
2026-09-21 18:05:40,188 INFO o.a.j.t.JMeterThread: Thread is done: Thread Group 1-227
2026-09-21 18:05:40,188 INFO o.a.j.t.JMeterThread: Thread finished: Thread Group 1-227
2026-09-21 18:05:42,096 INFO o.a.j.t.JMeterThread: Thread is done: Thread Group 1-209
2026-09-21 18:05:42,096 INFO o.a.j.t.JMeterThread: Thread finished: Thread Group 1-209
2026-09-21 18:05:42,347 INFO o.a.j.t.JMeterThread: Thread is done: Thread Group 1-278
2026-09-21 18:05:42,347 INFO o.a.j.t.JMeterThread: Thread finished: Thread Group 1-278
2026-09-21 18:05:43,327 INFO o.a.j.t.JMeterThread: Thread is done: Thread Group 1-245
2026-09-21 18:05:43,327 INFO o.a.j.t.JMeterThread: Thread finished: Thread Group 1-245
2026-09-21 18:05:44,879 INFO o.a.j.t.JMeterThread: Thread is done: Thread Group 1-234
2026-09-21 18:05:44,879 INFO o.a.j.t.JMeterThread: Thread finished: Thread Group 1-234
2026-09-21 18:05:45,725 INFO o.a.j.t.JMeterThread: Thread is done: Thread Group 1-221
2026-09-21 18:05:45,725 INFO o.a.j.t.JMeterThread: Thread finished: Thread Group 1-221
2026-09-21 18:05:45,889 INFO o.a.j.t.JMeterThread: Thread is done: Thread Group 1-249
2026-09-21 18:05:45,889 INFO o.a.j.t.JMeterThread: Thread finished: Thread Group 1-249
2026-09-21 18:05:46,362 INFO o.a.j.t.JMeterThread: Thread is done: Thread Group 1-180
2026-09-21 18:05:46,362 INFO o.a.j.t.JMeterThread: Thread finished: Thread Group 1-180
2026-09-21 18:05:47,347 INFO o.a.j.t.JMeterThread: Thread is done: Thread Group 1-280
2026-09-21 18:05:47,347 INFO o.a.j.t.JMeterThread: Thread finished: Thread Group 1-280
2026-09-21 18:05:47,676 INFO o.a.j.t.JMeterThread: Thread is done: Thread Group 1-193
2026-09-21 18:05:47,676 INFO o.a.j.t.JMeterThread: Thread finished: Thread Group 1-193
2026-09-21 18:05:48,260 INFO o.a.j.t.JMeterThread: Thread is done: Thread Group 1-266
2026-09-21 18:05:48,260 INFO o.a.j.t.JMeterThread: Thread finished: Thread Group 1-266
2026-09-21 18:05:48,404 INFO o.a.j.t.JMeterThread: Thread is done: Thread Group 1-217
2026-09-21 18:05:48,404 INFO o.a.j.t.JMeterThread: Thread finished: Thread Group 1-217
2026-09-21 18:05:49,127 INFO o.a.j.t.JMeterThread: Thread is done: Thread Group 1-183
2026-09-21 18:05:49,127 INFO o.a.j.t.JMeterThread: Thread finished: Thread Group 1-183
2026-09-21 18:05:50,499 INFO o.a.j.t.JMeterThread: Thread is done: Thread Group 1-219
2026-09-21 18:05:50,499 INFO o.a.j.t.JMeterThread: Thread finished: Thread Group 1-219
2026-09-21 18:05:50,966 INFO o.a.j.t.JMeterThread: Thread is done: Thread Group 1-236
2026-09-21 18:05:50,967 INFO o.a.j.t.JMeterThread: Thread finished: Thread Group 1-236
2026-09-21 18:05:51,072 INFO o.a.j.t.JMeterThread: Thread is done: Thread Group 1-226
2026-09-21 18:05:51,072 INFO o.a.j.t.JMeterThread: Thread finished: Thread Group 1-226
2026-09-21 18:05:53,421 INFO o.a.j.t.JMeterThread: Thread is done: Thread Group 1-228
2026-09-21 18:05:53,421 INFO o.a.j.t.JMeterThread: Thread finished: Thread Group 1-228
2026-09-21 18:05:55,069 INFO o.a.j.t.JMeterThread: Thread is done: Thread Group 1-251
2026-09-21 18:05:55,070 INFO o.a.j.t.JMeterThread: Thread finished: Thread Group 1-251
2026-09-21 18:05:56,646 INFO o.a.j.t.JMeterThread: Thread is done: Thread Group 1-205
2026-09-21 18:05:56,646 INFO o.a.j.t.JMeterThread: Thread finished: Thread Group 1-205
2026-09-21 18:05:58,203 INFO o.a.j.t.JMeterThread: Thread is done: Thread Group 1-254
2026-09-21 18:05:58,203 INFO o.a.j.t.JMeterThread: Thread finished: Thread Group 1-254
2026-09-21 18:05:59,438 INFO o.a.j.t.JMeterThread: Thread is done: Thread Group 1-277
2026-09-21 18:05:59,438 INFO o.a.j.t.JMeterThread: Thread finished: Thread Group 1-277
2026-09-21 18:06:00,541 INFO o.a.j.r.Summariser: summary +     57 in 00:00:31 =    1.9/s Avg:   831 Min:   511 Max:  1350 Err:     0 (0.00%) Active: 46 Started: 300 Finished: 254
2026-09-21 18:06:00,542 INFO o.a.j.r.Summariser: summary =   1136 in 00:06:41 =    2.8/s Avg:  1160 Min:   479 Max: 13437 Err:     0 (0.00%)
2026-09-21 18:06:00,785 INFO o.a.j.t.JMeterThread: Thread is done: Thread Group 1-207
2026-09-21 18:06:00,785 INFO o.a.j.t.JMeterThread: Thread finished: Thread Group 1-207
2026-09-21 18:06:01,906 INFO o.a.j.t.JMeterThread: Thread is done: Thread Group 1-211
2026-09-21 18:06:01,906 INFO o.a.j.t.JMeterThread: Thread finished: Thread Group 1-211
2026-09-21 18:06:08,568 INFO o.a.j.t.JMeterThread: Thread is done: Thread Group 1-262
2026-09-21 18:06:08,568 INFO o.a.j.t.JMeterThread: Thread is done: Thread Group 1-184
2026-09-21 18:06:08,568 INFO o.a.j.t.JMeterThread: Thread finished: Thread Group 1-184
2026-09-21 18:06:08,568 INFO o.a.j.t.JMeterThread: Thread finished: Thread Group 1-262
2026-09-21 18:06:09,490 INFO o.a.j.t.JMeterThread: Thread is done: Thread Group 1-197
2026-09-21 18:06:09,490 INFO o.a.j.t.JMeterThread: Thread finished: Thread Group 1-197
2026-09-21 18:06:09,803 INFO o.a.j.t.JMeterThread: Thread is done: Thread Group 1-282
2026-09-21 18:06:09,803 INFO o.a.j.t.JMeterThread: Thread finished: Thread Group 1-282
2026-09-21 18:06:11,114 INFO o.a.j.t.JMeterThread: Thread is done: Thread Group 1-261
2026-09-21 18:06:11,114 INFO o.a.j.t.JMeterThread: Thread finished: Thread Group 1-261
2026-09-21 18:06:11,395 INFO o.a.j.t.JMeterThread: Thread is done: Thread Group 1-232
2026-09-21 18:06:11,395 INFO o.a.j.t.JMeterThread: Thread finished: Thread Group 1-232
2026-09-21 18:06:11,467 INFO o.a.j.t.JMeterThread: Thread is done: Thread Group 1-244
2026-09-21 18:06:11,467 INFO o.a.j.t.JMeterThread: Thread finished: Thread Group 1-244
2026-09-21 18:06:14,506 INFO o.a.j.t.JMeterThread: Thread is done: Thread Group 1-258
2026-09-21 18:06:14,506 INFO o.a.j.t.JMeterThread: Thread finished: Thread Group 1-258
2026-09-21 18:06:16,235 INFO o.a.j.t.JMeterThread: Thread is done: Thread Group 1-268
2026-09-21 18:06:16,235 INFO o.a.j.t.JMeterThread: Thread finished: Thread Group 1-268
2026-09-21 18:06:16,646 INFO o.a.j.t.JMeterThread: Thread is done: Thread Group 1-270
2026-09-21 18:06:16,646 INFO o.a.j.t.JMeterThread: Thread finished: Thread Group 1-270
2026-09-21 18:06:17,279 INFO o.a.j.t.JMeterThread: Thread is done: Thread Group 1-264
2026-09-21 18:06:17,279 INFO o.a.j.t.JMeterThread: Thread finished: Thread Group 1-264
2026-09-21 18:06:18,171 INFO o.a.j.t.JMeterThread: Thread is done: Thread Group 1-269
2026-09-21 18:06:18,171 INFO o.a.j.t.JMeterThread: Thread finished: Thread Group 1-269
2026-09-21 18:06:18,515 INFO o.a.j.t.JMeterThread: Thread is done: Thread Group 1-267
2026-09-21 18:06:18,515 INFO o.a.j.t.JMeterThread: Thread finished: Thread Group 1-267
2026-09-21 18:06:18,662 INFO o.a.j.t.JMeterThread: Thread is done: Thread Group 1-279
2026-09-21 18:06:18,662 INFO o.a.j.t.JMeterThread: Thread finished: Thread Group 1-279
2026-09-21 18:06:19,923 INFO o.a.j.t.JMeterThread: Thread is done: Thread Group 1-256
2026-09-21 18:06:19,923 INFO o.a.j.t.JMeterThread: Thread finished: Thread Group 1-256
2026-09-21 18:06:20,058 INFO o.a.j.t.JMeterThread: Thread is done: Thread Group 1-274
2026-09-21 18:06:20,058 INFO o.a.j.t.JMeterThread: Thread finished: Thread Group 1-274
2026-09-21 18:06:20,420 INFO o.a.j.t.JMeterThread: Thread is done: Thread Group 1-259
2026-09-21 18:06:20,420 INFO o.a.j.t.JMeterThread: Thread finished: Thread Group 1-259
2026-09-21 18:06:21,453 INFO o.a.j.t.JMeterThread: Thread is done: Thread Group 1-281
2026-09-21 18:06:21,454 INFO o.a.j.t.JMeterThread: Thread finished: Thread Group 1-281
2026-09-21 18:06:21,734 INFO o.a.j.t.JMeterThread: Thread is done: Thread Group 1-230
2026-09-21 18:06:21,734 INFO o.a.j.t.JMeterThread: Thread finished: Thread Group 1-230
2026-09-21 18:06:22,219 INFO o.a.j.t.JMeterThread: Thread is done: Thread Group 1-298
2026-09-21 18:06:22,219 INFO o.a.j.t.JMeterThread: Thread finished: Thread Group 1-298
2026-09-21 18:06:25,359 INFO o.a.j.t.JMeterThread: Thread is done: Thread Group 1-290
2026-09-21 18:06:25,360 INFO o.a.j.t.JMeterThread: Thread finished: Thread Group 1-290
2026-09-21 18:06:26,848 INFO o.a.j.t.JMeterThread: Thread is done: Thread Group 1-275
2026-09-21 18:06:26,848 INFO o.a.j.t.JMeterThread: Thread finished: Thread Group 1-275
2026-09-21 18:06:27,050 INFO o.a.j.t.JMeterThread: Thread is done: Thread Group 1-289
2026-09-21 18:06:27,050 INFO o.a.j.t.JMeterThread: Thread finished: Thread Group 1-289
2026-09-21 18:06:28,107 INFO o.a.j.t.JMeterThread: Thread is done: Thread Group 1-285
2026-09-21 18:06:28,107 INFO o.a.j.t.JMeterThread: Thread finished: Thread Group 1-285
2026-09-21 18:06:30,502 INFO o.a.j.r.Summariser: summary +     40 in 00:00:30 =    1.3/s Avg:   766 Min:   481 Max:  1577 Err:     0 (0.00%) Active: 20 Started: 300 Finished: 280
2026-09-21 18:06:30,502 INFO o.a.j.r.Summariser: summary =   1176 in 00:07:11 =    2.7/s Avg:  1147 Min:   479 Max: 13437 Err:     0 (0.00%)
2026-09-21 18:06:30,503 INFO o.a.j.t.JMeterThread: Thread is done: Thread Group 1-253
2026-09-21 18:06:30,503 INFO o.a.j.t.JMeterThread: Thread finished: Thread Group 1-253
2026-09-21 18:06:31,020 INFO o.a.j.t.JMeterThread: Thread is done: Thread Group 1-297
2026-09-21 18:06:31,020 INFO o.a.j.t.JMeterThread: Thread finished: Thread Group 1-297
2026-09-21 18:06:31,926 INFO o.a.j.t.JMeterThread: Thread is done: Thread Group 1-291
2026-09-21 18:06:31,928 INFO o.a.j.t.JMeterThread: Thread finished: Thread Group 1-291
2026-09-21 18:06:32,195 INFO o.a.j.t.JMeterThread: Thread is done: Thread Group 1-283
2026-09-21 18:06:32,195 INFO o.a.j.t.JMeterThread: Thread finished: Thread Group 1-283
2026-09-21 18:06:35,409 INFO o.a.j.t.JMeterThread: Thread is done: Thread Group 1-257
2026-09-21 18:06:35,409 INFO o.a.j.t.JMeterThread: Thread finished: Thread Group 1-257
2026-09-21 18:06:37,559 INFO o.a.j.t.JMeterThread: Thread is done: Thread Group 1-295
2026-09-21 18:06:37,559 INFO o.a.j.t.JMeterThread: Thread finished: Thread Group 1-295
2026-09-21 18:06:46,609 INFO o.a.j.t.JMeterThread: Thread is done: Thread Group 1-288
2026-09-21 18:06:46,609 INFO o.a.j.t.JMeterThread: Thread finished: Thread Group 1-288
2026-09-21 18:06:47,350 INFO o.a.j.t.JMeterThread: Thread is done: Thread Group 1-292
2026-09-21 18:06:47,350 INFO o.a.j.t.JMeterThread: Thread finished: Thread Group 1-292
2026-09-21 18:06:50,968 INFO o.a.j.t.JMeterThread: Thread is done: Thread Group 1-276
2026-09-21 18:06:50,968 INFO o.a.j.t.JMeterThread: Thread finished: Thread Group 1-276
2026-09-21 18:06:52,817 INFO o.a.j.t.JMeterThread: Thread is done: Thread Group 1-241
2026-09-21 18:06:52,817 INFO o.a.j.t.JMeterThread: Thread finished: Thread Group 1-241
2026-09-21 18:06:54,001 INFO o.a.j.t.JMeterThread: Thread is done: Thread Group 1-263
2026-09-21 18:06:54,001 INFO o.a.j.t.JMeterThread: Thread finished: Thread Group 1-263
2026-09-21 18:06:55,685 INFO o.a.j.t.JMeterThread: Thread is done: Thread Group 1-287
2026-09-21 18:06:55,685 INFO o.a.j.t.JMeterThread: Thread finished: Thread Group 1-287
2026-09-21 18:06:56,312 INFO o.a.j.t.JMeterThread: Thread is done: Thread Group 1-272
2026-09-21 18:06:56,312 INFO o.a.j.t.JMeterThread: Thread finished: Thread Group 1-272
2026-09-21 18:07:00,457 INFO o.a.j.r.Summariser: summary +     17 in 00:00:30 =    0.6/s Avg:   644 Min:   506 Max:   941 Err:     0 (0.00%) Active: 7 Started: 300 Finished: 293
2026-09-21 18:07:00,457 INFO o.a.j.r.Summariser: summary =   1193 in 00:07:41 =    2.6/s Avg:  1140 Min:   479 Max: 13437 Err:     0 (0.00%)
2026-09-21 18:07:00,457 INFO o.a.j.t.JMeterThread: Thread is done: Thread Group 1-300
2026-09-21 18:07:00,458 INFO o.a.j.t.JMeterThread: Thread finished: Thread Group 1-300
2026-09-21 18:07:00,939 INFO o.a.j.t.JMeterThread: Thread is done: Thread Group 1-286
2026-09-21 18:07:00,940 INFO o.a.j.t.JMeterThread: Thread finished: Thread Group 1-286
2026-09-21 18:07:10,360 INFO o.a.j.t.JMeterThread: Thread is done: Thread Group 1-296
2026-09-21 18:07:10,360 INFO o.a.j.t.JMeterThread: Thread finished: Thread Group 1-296
2026-09-21 18:07:15,209 INFO o.a.j.t.JMeterThread: Thread is done: Thread Group 1-294
2026-09-21 18:07:15,209 INFO o.a.j.t.JMeterThread: Thread finished: Thread Group 1-294
2026-09-21 18:07:17,353 INFO o.a.j.t.JMeterThread: Thread is done: Thread Group 1-273
2026-09-21 18:07:17,353 INFO o.a.j.t.JMeterThread: Thread finished: Thread Group 1-273
2026-09-21 18:07:20,671 INFO o.a.j.t.JMeterThread: Thread is done: Thread Group 1-293
2026-09-21 18:07:20,671 INFO o.a.j.t.JMeterThread: Thread finished: Thread Group 1-293
2026-09-21 18:07:50,950 INFO o.a.j.t.JMeterThread: Thread is done: Thread Group 1-299
2026-09-21 18:07:50,950 INFO o.a.j.t.JMeterThread: Thread finished: Thread Group 1-299
2026-09-21 18:07:50,952 INFO o.a.j.e.StandardJMeterEngine: Notifying test listeners of end of test
2026-09-21 18:07:50,965 INFO o.a.j.r.Summariser: summary +      7 in 00:00:51 =    0.1/s Avg:   663 Min:   495 Max:   906 Err:     0 (0.00%) Active: 0 Started: 300 Finished: 300
2026-09-21 18:07:50,965 INFO o.a.j.r.Summariser: summary =   1200 in 00:08:31 =    2.3/s Avg:  1137 Min:   479 Max: 13437 Err:     0 (0.00%)
2026-09-21 18:07:50,966 INFO o.a.j.JMeter: Generating Dashboard
2026-09-21 18:07:50,966 INFO o.a.j.r.d.ReportGenerator: Flushing result collector before report Generation
2026-09-21 18:07:50,981 INFO o.a.j.r.p.NormalizerSampleConsumer: Using format, 'ms', to parse timeStamp field
2026-09-21 18:07:51,236 INFO o.a.j.r.p.AbstractSampleConsumer: class org.apache.jmeter.report.processor.AggregateConsumer#stopProducing(): beginDate produced 0 samples
2026-09-21 18:07:51,236 INFO o.a.j.r.p.AbstractSampleConsumer: class org.apache.jmeter.report.processor.AggregateConsumer#stopProducing(): endDate produced 0 samples
2026-09-21 18:07:51,238 INFO o.a.j.r.p.AbstractSampleConsumer: class org.apache.jmeter.report.processor.ApdexSummaryConsumer#stopProducing(): apdexSummary produced 0 samples
2026-09-21 18:07:51,238 INFO o.a.j.r.p.AbstractSampleConsumer: class org.apache.jmeter.report.processor.RequestsSummaryConsumer#stopProducing(): requestsSummary produced 0 samples
2026-09-21 18:07:51,249 INFO o.a.j.r.p.AbstractSampleConsumer: class org.apache.jmeter.report.processor.StatisticsSummaryConsumer#stopProducing(): statisticsSummary produced 0 samples
2026-09-21 18:07:51,251 INFO o.a.j.r.p.AbstractSampleConsumer: class org.apache.jmeter.report.processor.Top5ErrorsBySamplerConsumer#stopProducing(): top5ErrorsBySampler produced 0 samples
2026-09-21 18:07:51,251 INFO o.a.j.r.p.AbstractSampleConsumer: class org.apache.jmeter.report.processor.ErrorsSummaryConsumer#stopProducing(): errorsSummary produced 0 samples
2026-09-21 18:07:51,251 INFO o.a.j.r.p.AbstractSampleConsumer: class org.apache.jmeter.report.processor.graph.impl.HitsPerSecondGraphConsumer#stopProducing(): hitsPerSecond produced 0 samples
2026-09-21 18:07:51,308 INFO o.a.j.r.p.AbstractSampleConsumer: class org.apache.jmeter.report.processor.graph.impl.LatencyVSRequestGraphConsumer#stopProducing(): latencyVsRequest produced 0 samples
2026-09-21 18:07:51,309 INFO o.a.j.r.p.AbstractSampleConsumer: class org.apache.jmeter.report.processor.graph.impl.SyntheticResponseTimeDistributionGraphConsumer#stopProducing(): syntheticResponseTimeDistribution produced 0 samples
2026-09-21 18:07:51,309 INFO o.a.j.r.p.AbstractSampleConsumer: class org.apache.jmeter.report.processor.graph.impl.BytesThroughputGraphConsumer#stopProducing(): bytesThroughputOverTime produced 0 samples
2026-09-21 18:07:51,309 INFO o.a.j.r.p.AbstractSampleConsumer: class org.apache.jmeter.report.processor.graph.impl.CodesPerSecondGraphConsumer#stopProducing(): codesPerSecond produced 0 samples
2026-09-21 18:07:51,335 INFO o.a.j.r.p.AbstractSampleConsumer: class org.apache.jmeter.report.processor.graph.impl.ResponseTimeVSRequestGraphConsumer#stopProducing(): responseTimeVsRequest produced 0 samples
2026-09-21 18:07:51,336 INFO o.a.j.r.p.AbstractSampleConsumer: class org.apache.jmeter.report.processor.FilterConsumer#stopProducing(): startIntervalControlerFilter produced 58800 samples
2026-09-21 18:07:51,336 INFO o.a.j.r.p.AbstractSampleConsumer: class org.apache.jmeter.report.processor.graph.impl.TotalTPSGraphConsumer#stopProducing(): totalTPS produced 0 samples
2026-09-21 18:07:51,336 INFO o.a.j.r.p.AbstractSampleConsumer: class org.apache.jmeter.report.processor.graph.impl.ActiveThreadsGraphConsumer#stopProducing(): activeThreadsOverTime produced 0 samples
2026-09-21 18:07:51,336 INFO o.a.j.r.p.AbstractSampleConsumer: class org.apache.jmeter.report.processor.graph.impl.TimeVSThreadGraphConsumer#stopProducing(): timeVsThreads produced 0 samples
2026-09-21 18:07:51,339 INFO o.a.j.r.p.AbstractSampleConsumer: class org.apache.jmeter.report.processor.graph.impl.ResponseTimeDistributionGraphConsumer#stopProducing(): responseTimeDistribution produced 0 samples
2026-09-21 18:07:51,339 INFO o.a.j.r.p.AbstractSampleConsumer: class org.apache.jmeter.report.processor.graph.impl.TransactionsPerSecondGraphConsumer#stopProducing(): transactionsPerSecond produced 0 samples
2026-09-21 18:07:51,340 INFO o.a.j.r.p.AbstractSampleConsumer: class org.apache.jmeter.report.processor.graph.impl.ResponseTimePercentilesGraphConsumer#stopProducing(): responseTimePercentiles produced 0 samples
2026-09-21 18:07:51,348 INFO o.a.j.r.p.AbstractSampleConsumer: class org.apache.jmeter.report.processor.graph.impl.ResponseTimePercentilesOverTimeGraphConsumer#stopProducing(): responseTimePercentilesOverTime produced 0 samples
2026-09-21 18:07:51,348 INFO o.a.j.r.p.AbstractSampleConsumer: class org.apache.jmeter.report.processor.graph.impl.ResponseTimeOverTimeGraphConsumer#stopProducing(): responseTimesOverTime produced 0 samples
2026-09-21 18:07:51,349 INFO o.a.j.r.p.AbstractSampleConsumer: class org.apache.jmeter.report.processor.graph.impl.ConnectTimeOverTimeGraphConsumer#stopProducing(): connectTimeOverTime produced 0 samples
2026-09-21 18:07:51,349 INFO o.a.j.r.p.AbstractSampleConsumer: class org.apache.jmeter.report.processor.graph.impl.LatencyOverTimeGraphConsumer#stopProducing(): latenciesOverTime produced 0 samples
2026-09-21 18:07:51,349 INFO o.a.j.r.p.AbstractSampleConsumer: class org.apache.jmeter.report.processor.FilterConsumer#stopProducing(): nameFilter produced 144000 samples
2026-09-21 18:07:51,349 INFO o.a.j.r.p.AbstractSampleConsumer: class org.apache.jmeter.report.processor.FilterConsumer#stopProducing(): dateRangeFilter produced 28800 samples
2026-09-21 18:07:51,349 INFO o.a.j.r.p.AbstractSampleConsumer: class org.apache.jmeter.report.processor.NormalizerSampleConsumer#stopProducing(): normalizer produced 9600 samples
2026-09-21 18:07:51,349 INFO o.a.j.r.p.CsvFileSampleSource: produce(): 9600 samples produced in 349ms on channel 0
2026-09-21 18:07:51,350 INFO o.a.j.r.d.ReportGenerator: Exporting data using exporter:'json' of className:'org.apache.jmeter.report.dashboard.JsonExporter'
2026-09-21 18:07:51,415 INFO o.a.j.r.d.JsonExporter: Found data for consumer statisticsSummary in context
2026-09-21 18:07:51,416 INFO o.a.j.r.d.JsonExporter: Creating statistics for overall
2026-09-21 18:07:51,416 INFO o.a.j.r.d.JsonExporter: Creating statistics for other transactions
2026-09-21 18:07:51,416 INFO o.a.j.r.d.JsonExporter: Checking output folder
2026-09-21 18:07:51,417 INFO o.a.j.r.d.JsonExporter: Writing statistics JSON to D:\QA\Programs\apache-jmeter-5.6.3\bin\blaze_demo_report\statistics.json
2026-09-21 18:07:51,455 INFO o.a.j.r.d.ReportGenerator: Exporting data using exporter:'html' of className:'org.apache.jmeter.report.dashboard.HtmlTemplateExporter'
2026-09-21 18:07:51,457 INFO o.a.j.r.d.HtmlTemplateExporter: Will generate dashboard in folder: D:\QA\Programs\apache-jmeter-5.6.3\bin\blaze_demo_report
2026-09-21 18:07:51,598 INFO o.a.j.r.d.HtmlTemplateExporter: Report will be generated in: D:\QA\Programs\apache-jmeter-5.6.3\bin\blaze_demo_report, creating folder structure
2026-09-21 18:07:51,601 INFO o.a.j.r.d.TemplateVisitor: Copying folder from 'D:\QA\Programs\apache-jmeter-5.6.3\bin\report-template' to 'D:\QA\Programs\apache-jmeter-5.6.3\bin\blaze_demo_report', got message: D:\QA\Programs\apache-jmeter-5.6.3\bin\blaze_demo_report, found non empty folder with following content [D:\QA\Programs\apache-jmeter-5.6.3\bin\blaze_demo_report\statistics.json], will be ignored
2026-09-21 18:07:51,886 INFO o.a.j.JMeter: Dashboard generated
